DetailURL,Space,Name,Penname,Genre,ImageURL,WebURL,GenreFreeFormat
https:/techbookfest.org/event/tbf04/circle/21040009,あ01,日経BP出版局（ニッケイビーピーシュッパンキョク）,日経BP出版局,ソフトウェア全般,https://lh3.googleusercontent.com/w3Z6W7FRKg9ODomh6SUwVUecuKAuT_1X6ZbK22s6ywO3ZNa1M5TgrmD14Ft6zRDhpjWPnjc0c2I5RtPk5iXw,ec.nikkeibp.co.jp/nsp/,技術系書籍・ムック・雑誌
https:/techbookfest.org/event/tbf04/circle/20000001,あ02,シス管系女子会（シスカンケイジョシカイ）,Piro,ソフトウェア全般,https://lh3.googleusercontent.com/HwIlWNz4PGKTGdrX_DAc-7NLXzoxO_7nes-EMzRNrCRZjAInQ3q4QIqpnSQU5xd6gH7uhC-6C2g8fipzpmUm3g,http://system-admin-girl.com/,「シス管系女子」は日経Linux誌にて連載中のLinuxコマンド操作＆シェルスクリプト入門解説マンガです。黒い端末の画面恐怖症なかけ出しエンジニアの方や、後輩や新人のコマンド操作に対する苦手意識を取り除きたい先輩エンジニアの方を対象として、現役エンジニアが100%マンガで解説する事をモットーに制作しています。当日は約2年分の連載をまとめた新刊「シス管系女子3」（商業誌）を販売します。sshポート転送やrsyncをなんとなくで使ってるという人でも、ググらなくてもやりたい事を的確にできるようになれます！ 主人公「みんとちゃん」のキャラグッズ的な物も持っていくかも。
https:/techbookfest.org/event/tbf04/circle/16460003,あ03,デル株式会社（デル）,清水博,科学技術,/assets/images/dummy_cut.png,,企業の情報システムを一人で担当する「ひとり情シス」を調査、インタビューして実態を明らかにした冊子です。
https:/techbookfest.org/event/tbf04/circle/11820001,あ04,USP研究所（ユーエスピーケンキュウジョ）,USP研究所,ソフトウェア全般,https://lh3.googleusercontent.com/jpfhLbZdYYmtbJEwtVv6y-XSyQQDF8NV4KEwEt1_3baZ_rGGRC6O3QvIUeqt-86k2lVdAarv9_cr3raJNxIt,https://www.usp-lab.com/pub.html,UNIX、シェルスクリプト、システム開発などを中心に扱った技術書と専門雑誌の販売。「松浦リッチ研究所」からの委託物も販売します。
https:/techbookfest.org/event/tbf04/circle/13980002,あ05,インプレス（インプレス）,impress,ソフトウェア全般,/assets/images/dummy_cut.png,https://book.impress.co.jp/,機械学習やクラウド技術など“IT技術の先端”をテーマにした「impress top gearシリーズ」や、技術者向けWebサイト“Think IT”発の「Think IT Booksシリーズ」など話題の技術解説書を多数販売します！
https:/techbookfest.org/event/tbf04/circle/17520002,あ06,インプレスR&D（インプレスアールアンドディ）,インプレスR&D,ソフトウェア全般,https://lh3.googleusercontent.com/arlU6WLLLNlI1r4eqMiK5kKLxleCol85WVicuNSBbPazOclTqRKi8xaJj7wwi23vasnYtdnx52PeNfIBSaKV,http://nextpublishing.jp/,「技術書典シリーズ」14タイトルと『TensorFlowはじめました』1～3巻を販売予定。
https:/techbookfest.org/event/tbf04/circle/19300002,い01,株式会社ブックウォーカー（ブックウォーカー）,ブックウォーカー,その他,https://lh3.googleusercontent.com/zmXsFeelyxMwu_tnGYBsdmG3Jh1IrDQ-tcAFKzn60SwEQ3DUrt8qvnk-ajGhW7NQN-z__dPgvdiE3Qdd1eEF,https://author.bookwalker.jp/,かんたん電子書籍2018（電子書籍の作り方解説書）、EPUBについての技術書
https:/techbookfest.org/event/tbf04/circle/15510003,い02,株式会社オライリー・ジャパン（オライリー・ジャパン）,オライリー・ジャパン,ソフトウェア全般,https://lh3.googleusercontent.com/9RwQXj8jDQ-seNfU2D7-lRJPlKluqUeaipephA8Vobrwp2k0OnyW6oLix8SXDZ3ofXAO7TJCXRKmcLcZCqas4w,http://www.oreilly.co.jp/ebook/,ここ技術書典から羽ばたき、弊社より商業出版させていただいた『仕事ではじめる機械学習』の凱旋頒布をはじめ、オライリー・ジャパン刊行の新刊書籍、Ebookのオンデマンド版冊子、グッズなどをご用意してお待ちしております！
https:/techbookfest.org/event/tbf04/circle/18390001,い03,翔泳社（ショウエイシャ）,翔泳社書籍販売チーム,ソフトウェア全般,https://lh3.googleusercontent.com/Hz78u-8jZcxz9OTtnvOUVgWkSUZoHbID1_3szEPn8pFwECNVmauE_ESZtG31Ijr5N6lOil3_nfB7N56zo7MC,http://www.shoeisha.co.jp/book,コンピュータ技術書
https:/techbookfest.org/event/tbf04/circle/15540001,い04,CodeZine（コードジン）,CodeZine編集部,ソフトウェア全般,https://lh3.googleusercontent.com/9Iym8tU443hqXI_9mORK7YfZxjBTCKwRIlibrjCOhBP8ifSLvkSHMpqS8YBPe_oyezylRDCRT0PhTA7AxpQ0,http://codezine.jp/,コンピュータ技術書
https:/techbookfest.org/event/tbf04/circle/16430001,い05,マンガでわかるWebデザイン＋Git（マンガデワカルウェブデザインプラスギット）,湊川あい,ソフトウェア全般,https://lh3.googleusercontent.com/Ie-DUodhBEaQssYFIMxtUGS5j-d6OwKT1qygaOpJHSwEHeOv5ZSAKNTyyGGtbZchuGutBOmXQIH5DaZofWL5,http://webdesign-manga.com/,「マンガでわかるDocker」「マンガでわかるScrapbox」「図解でわかるGoogleアナリティクス」やオリジナルキャラクターのグッズの他、商業誌「わかばちゃんと学ぶGoogleアナリティクス」「わかばちゃんと学ぶGit使い方入門」などを頒布します。
https:/techbookfest.org/event/tbf04/circle/10950001,い06,C&R研究所（シーアンドアールケンキュウジョ）,C&R研究所,ソフトウェア全般,https://lh3.googleusercontent.com/2RDUTRv6GOjNbkhj-kGgoMXHpkfJiWhc-Nowkv6tvzrzsmZme5nv3v9ip5MCFt1qgDoH5nl_ZTPJVvT5PJE,http://www.c-r.com/,弊社発刊の技術書
https:/techbookfest.org/event/tbf04/circle/16440005,い07,ラムダノート株式会社（ラムダノートカブシキガイシャ）,ラムダノート株式会社,ソフトウェア全般,https://lh3.googleusercontent.com/Gv-hTsvME8rDI8EjHthlfzSfBYW7qaVN8pr8lQ3usrymDvPHBHIwLwEyYwmiBSlNX09NAL9pq7zuJKJdMUCT,https://www.lambdanote.com/,ネットワーク、プログラミング、組版
https:/techbookfest.org/event/tbf04/circle/12830001,い08,株式会社マイナビ出版（カブシキガイシャマイナビシュッパン）,マイナビ出版書籍編集チーム,ソフトウェア全般,https://lh3.googleusercontent.com/WPL8Y6FvITGxobjzE2-MoEqNq6TK9FZ-onUCdrfH2kZXX4B5vKggHFS1WdIcvA6w0KjuFkg-FQXFEGFJiGTc,https://book.mynavi.jp/,ロボット、機械学習、イラスト技法、ビッグデータ分析
https:/techbookfest.org/event/tbf04/circle/21040003,い09,森北出版（モリキタシュッパン）,森北出版,その他,/assets/images/dummy_cut.png,https://www.morikita.co.jp/,機械学習／Python／ベイズ推論／自作PCクラスタ／ROS／定理証明支援系／Maxima on Android…．話題の最新刊を含むイチ推し書籍を、特別価格にてご紹介します！
https:/techbookfest.org/event/tbf04/circle/14520002,い10,アンテナハウスCAS電子出版（アンテナハウスキャスデンシシュッパン）,CAS,ソフトウェア全般,https://lh3.googleusercontent.com/yM5YlDEH6KVk1nnzfoEACysTZpOdC5rfT8r-0PdvVrna1Yr6a1beg9COK-ZdPou5ZupOkThnM9MN6j1r6_7v,http://www.cas-ub.com/index_ja.html,MathML数式組版入門 Ver 1.1、スタイルシート開発の基礎、XSL-FO の基礎【第2版】、DITAのすすめ【第3版】、PDFインフラストラクチャ解説　第1.1版、タグ付きPDF、PDF CookBook
https:/techbookfest.org/event/tbf04/circle/14700001,い11,ジャストシステム（ジャストシステム）,ジャストシステム有志,ソフトウェア全般,https://lh3.googleusercontent.com/n75wba9Cf-UBP0OAW1QkegFcXjqsIm-0Uuw28Tn2k8gn7T0naouLXlJ6_OTxBKcXhnnjTmzUvXuEWszqfa4g,http://ju-st.jp/tech/bk/,【新刊】技術内閣サーバーアーキテクチャ大臣が説く『サーバーシステム10の心得』、【新刊】ロングセラー商品の開発手法『俺らの一太郎がスパダリのわけがない』（一太郎活用本『本を書く、作る。』付き）を頒布します。
https:/techbookfest.org/event/tbf04/circle/19220001,い12,SOLARSOLFA（ソラソルファ）,藤原惟,ソフトウェア全般,https://lh3.googleusercontent.com/49-P2gJGt55tHA5dqNAWB553eiVUG3CLJ12CmkHOP1l086Hg6FawosqODru-cnE16dIWBiVyL0GR1HmG_w,https://note.solarsolfa.net/m/m0ee0e40a1c72,ライティング・ドキュメンテーション。『Markdownライティング入門』を頒布します。
https:/techbookfest.org/event/tbf04/circle/16640010,い13,ほしがたタイムカプセル（ホシガタタイムカプセル）,くゎ,その他,https://lh3.googleusercontent.com/kvXM58Vugqh1H1OrkU_-uHulTwne-uBeWG_6UNtFMILYWhQtVFmMoeWt9bsf8E7RwLU1-9NM0Q6oWdu_CGic,,視覚障害者等向けデジタル録音図書「DAISY」について。
https:/techbookfest.org/event/tbf04/circle/16650008,い14,エウレカ9（エウレカナイン）,エウレカ9,ソフトウェア全般,https://lh3.googleusercontent.com/1uKqArd9K0TgsE1Pm_2YS1bMSAPcXThq0K1uegbXuAYYuT7lfgJvf9GV4c_0KzhyYWKIFcjh-Fn6_ehXwP0,https://eureka-twelve.tumblr.com/,著者それぞれのテーマで書いたものを一つの本にします
https:/techbookfest.org/event/tbf04/circle/17450001,い15,SKK=さらに かしこく かわいい（エスケーケーハサラニカシコクカワイイ）,mzp,ソフトウェア全般,https://lh3.googleusercontent.com/LgP-85Wkw_KmICzbrv6-SIRgwI0Wp8koaA6maW3TfA93MQ5Sz-Y00Yx9EqCc4hqy_PsoLj0iIotK2VUwP73x,https://mzp.booth.pm,入力メソッド(InputMethod; IM)は、キー入力を受け取り、文字を入力するソフトウェアである。 キーボードから直接入力できない日本語などの入力に用いる。  本書ではmacOSの入力メソッドを作成しながら、入力メソッドの仕組みについて解説する。
https:/techbookfest.org/event/tbf04/circle/19300003,い16,黒曜堂（コクヨウドウ）,黒曜,科学技術,https://lh3.googleusercontent.com/0qDv--FnWizeAaNG990Lwj4VvUBAXZdV903JW3XpcZJk4VOJ1nse572EhDbs3AVXC8ItSXE4x-OrvYenAcJE,https://kokuyouwind.booth.pm/,正規表現・チューリングマシンなどを会話仕立てで扱う「情報ガール チャーチ=チューリングのテーゼ」を新刊として頒布する予定です。他に、既刊の「いろんな言語でライフゲーム」などを頒布します。
https:/techbookfest.org/event/tbf04/circle/12750004,い17,74th（ナナヨンティーエイチ）,74th,ソフトウェア全般,https://lh3.googleusercontent.com/t0vcfbeCpzWSaML3IMESiE3BzVTiG7L8yJr9YtoJhdQWIyGMVuAmrVoV91v0EanQZOVfGptDbHCNUIBeSZOp,https://j74th.com/events/techbookfest3/,Golangを選ぶからには信頼できる性能がほしい。Golangで、性能を取りつつ構造化を図るとどの程度のコストがかかるのかを、実測して見極めて考える本。 (おまけWebWorker活用編)
https:/techbookfest.org/event/tbf04/circle/14530003,い18,親方Project（オヤカタプロジェクト）,親方,ハードウェア全般,https://lh3.googleusercontent.com/6GV-uJfRbDt0AaYT7z-FktBAeScpVj1lOqRv_8tPb4jFrmHq-oLWEZzavg0oihSEurd61PX7bT3cAhZXUYA,http://oyakata2.blog104.fc2.com/,電子工作：レーザープロジェクター自作のために必要なこと全て。特にESP32使ってアナログ出力、描画データ生成。同人誌ノウハウ本：技術同人誌を書いてイベント売りするまでに必要な、ネタだし、執筆、入稿、準備、イベントオペレーション、お金の話を網羅。
https:/techbookfest.org/event/tbf04/circle/14540002,い19,国際ソブリ協会（コクサイソブリキョウカイ）,crs,ソフトウェア全般,https://lh3.googleusercontent.com/MVi99XZFAZRAT8wpaLafbNClon-FeFseAdboVsc_dnQia3kjui4IbDFVZKhNKJTTsTyuvJ6xwl9ebp463SJpaw,http://soburissive.github.io/,"Linux, 電子工作、IoT,GISなどを中心に旬ネタ時事ネタで思いつくまま本を書きます。"
https:/techbookfest.org/event/tbf04/circle/18260003,い20,日本アキバ学会（ニホンアキバガッカイ）,えきどなG,ソフトウェア全般,https://lh3.googleusercontent.com/3i6_sibQLEP5-bxPwrpMLfpiitz_D8wcq6xHV-1dK0DrqGItUqGaREw14eksyOaxZ-3BW6wz6mjzFeKvsl2yZA,,"Arduino, 電子工作, Scratch, サイバーセキュリティ"
https:/techbookfest.org/event/tbf04/circle/21000003,い21,電気通信大学 工学研究部（デンキツウシンダイガク コウガクケンキュウブ）,hnakai,ハードウェア全般,https://lh3.googleusercontent.com/hdaO4EvF5EHOf8jXuRNByp2Ga1TszvGgvc-OZ_GM6C43vTB_fqlMlqJDjMkJA4l_HQfiR4KmMRUiQy4qCtU,http://www.koken.club.uec.ac.jp/,"ソフトウェア・ハードウェアを交えた, 工学研究部の部員による製作・研究成果を掲載した「部報」最新58号を頒布予定です."
https:/techbookfest.org/event/tbf04/circle/19190002,い22,みかんProject（ミカンプロジェクト）,Kashiken,ハードウェア全般,https://lh3.googleusercontent.com/_wytE-LEy4BZDWfOcvGdbN6XiI-TmtPd2joCG03NeKNSPXjQp9o6UXDTTPKtX-kn4JYDHLlu3XT_sgMU1Uj80w,http://never-ending-project.org/,自作ハードウェアの製作に関する技術書。技術書典4では、3Dプリンタを使用したコインホルダーの製作、マルチファンクションゲートICの使い方といった内容の新刊（C93にて頒布）の頒布を予定しています。
https:/techbookfest.org/event/tbf04/circle/18290002,い23,神田部品（カンダブヒン）,AKIBAJIN,ハードウェア全般,https://lh3.googleusercontent.com/QiG5khmx-nh8XvC3Ob4LIOP-LwW47U0vrysQz0GRUUDGnwTmgaWYG5V1gjUEfjFov8O2FSk2LoC9bnGteSmS,http://kandabuhin.web.fc2.com/,電子工作解説本、電子工作キット。アナログコンピュータ、アナログ電子回路を中心に解説。
https:/techbookfest.org/event/tbf04/circle/15420006,い24,こそこそ団（コソコソダン）,のむむ,ソフトウェア全般,https://lh3.googleusercontent.com/YPuarIDoLiwwur7ca9PV_Thgn9X45kLRGxyGvd1iwdQqEbxzaon5HAnN1ouogzuAHGX5PI9rsj8WswYBgjkAMw,http://koso2dan.kakurezato.com/,ロボット開発向けライブラリROS（RobotOperatingSystem）を利用した自作ホビーロボットに関する本を頒布します。ロボット制作には様々な知識が必要なためROSを利用したソフトウェア以外にも、3DCadの使い方や電子回路などといった内容も紹介しています。実物を見て貰いたい場合に制作したロボットの展示を行う場合があります。
https:/techbookfest.org/event/tbf04/circle/22020004,う01,CyberAgent 秋葉原ラボ（サイバーエージェントアキハバララボ）,秋葉原ラボ技術報告編集委員会,ソフトウェア全般,https://lh3.googleusercontent.com/61VONt9QTF_PIQmH860UOG0FYoyr6foUTDdvEdQk-YSxHQZRdz6o-TmE824jdKe0BJn2Gh8Dk5wMDqM_qpmV,https://www.cyberagent.co.jp/techinfo/labo/akihabara/,大規模データ集計基盤、ユーザ行動分析、レコメンデーション
https:/techbookfest.org/event/tbf04/circle/14710011,う02,ソウゾウ メルカリ カウル チーム（ソウゾウ メルカリ カウル チーム）,ソウゾウ メルカリ カウル チーム,ソフトウェア全般,https://lh3.googleusercontent.com/Q2lIEyfNo95Gc_o_Se27x6YVBZBv5DALnCqAVXGJ1DpPcA_m9b77SXPZ5QUi6nE8VLqfqV94wAKUQLfw5sI,,メルカリ カウルの開発で得たノウハウを記述した書籍
https:/techbookfest.org/event/tbf04/circle/11680001,う03,ひかる黄金わかめ帝国（ヒカルオウゴンワカメテイコク）,vvakame,ソフトウェア全般,https://lh3.googleusercontent.com/hxYIL9m74yBCqttf_5I5VQdMi_L01VtaV15BnC2nAphxuIqZ26I8yw9GH-f1U_0GWBjciItlKrtTmhaKDSIt,,技術書典Webについてアレコレ書こうと思ったけどやっぱCSS組版を途中までやってみた話にします。
https:/techbookfest.org/event/tbf04/circle/11690001,う04,TechBooster（テックブースター）,mhidaka,ソフトウェア全般,https://lh3.googleusercontent.com/oGhU2m98UVfC_Frzea9-XhgozElhqzkox8r1YjF0QBWebBFxvEtzRNWRlzEVtQBmwAKr_1GZJ28l_gi1Lqzi,http://techbooster.org,AndroidやWebやKotlinについて最新情報をまとめた一冊を用意しました。今知っておきたい情報を詰め込んでいます
https:/techbookfest.org/event/tbf04/circle/11900005,う05,へその緒（ヘソノオ）,shibacow,科学技術,https://lh3.googleusercontent.com/i3V2GGV9Ba6nTtfkdq9LkOXPeXqtyQfVPKANkn6xZ4BDzDLbj9nP0e651mAY6UqJAr1jzqdywqz6VJS14HtY,http://visualized-laws.hatenablog.com/,「可視化法学」、法律の構造を情報技術(グラフ理論)を使って可視化しました。新刊落ちました。すいません。
https:/techbookfest.org/event/tbf04/circle/12880004,う06,後藤和智事務所OffLine（ゴトウカズトモジムショオフライン）,後藤和智,ソフトウェア全般,https://lh3.googleusercontent.com/B0xkyNqMOlpRCrb4_DzgD2adb1g9Juc6WAuRHwUxwMBGzrzp0GVib36y9D7Vagu7HfqsSt8s-HOlDTr1pzJu,http://kazugoto.hatenablog.com/,統計解析ソフト及び統計学の解説書。
https:/techbookfest.org/event/tbf04/circle/15580001,う07,暗黙の型宣言（アンモクノカタセンゲン）,レプトケファルス,科学技術,https://lh3.googleusercontent.com/HXjj4KLl1ydMVL02RhjE--ozQKRed3D7HG73AtPwIJk9c1vZ-Wc1KMAODkXjwPKI5MSimzMXbjlsvLzep0wq,,空力音の直接数値計算を始める前に知っておいた方がよい知識と技術についてまとめます．具体的には，フルのNavier-Stokes方程式，高精度・陰的差分法であるコンパクト差分と効率のよい連立一次方程式の求解法，音波が反射しない無反射境界条件といくつかの例題を，サンプルプログラムと共に示します．4月，空力音に関する研究室に配属された大学生必読の一冊．既刊として，「Fortranによる実践オブジェクト指向プログラミング」はもちろん，「流体計算で覚えるPython3」のプログラムを見直し，matplotlibのインタフェース統一，アニメーション表示の高速化を達成しました．さらにNumpyの高速化検討の章を追加しています．
https:/techbookfest.org/event/tbf04/circle/16490001,う08,docker-machine（ドッカーマシーン）,@enakai00/@_dr_asa,ソフトウェア全般,https://lh3.googleusercontent.com/cNs3ItofMkmAmk7AyVG1g-K5gJmKqRKMmQ0r7tD0hI9WjdpnT5ZEoA-dk48gQp_YjX3Dqi1VXnt-iKmDOJ4h,,数学
https:/techbookfest.org/event/tbf04/circle/19330001,う09,石貫會（イワヌキカイ）,蟷螂,科学技術,https://lh3.googleusercontent.com/DcwrFsbLALucH3ip9hDXUDsrwITXihf90zPTg3qZEkKjg_LBmRf3m5RoUTgweNk8CdLxEuMuXQcEe-utOHKKoA,http://twitter.com/kamakiri_ys,量子コンピュータの理論面の解説書『Effective量子コンピュータ』『量子コンピュータ手習い』、量子プログラミング言語の解説と量子プログラミングコンテスト作品から量子コンピュータを読み解く『解説LIQUID』を頒布予定です。 
https:/techbookfest.org/event/tbf04/circle/20090006,う10,そらいろアーキテクチャ（ソライロアーキテクチャ）,latte_zero shotan tsujishin,科学技術,https://lh3.googleusercontent.com/qXkRLwMkvuZoMGe9-xMO2ANo5autXrm3oX3ZlxMD3dyN7cnWJbPpIjPhYOzr_f94ba1KT-uiJZ2JOgPlaz_HFw,,量子コンピュータおよび統計に関する理論を描きます
https:/techbookfest.org/event/tbf04/circle/18300001,う11,Augmented 2次元 Lab/♭ Map（オーギュメンテッドニジゲンラボ/フラットマップ）,猫柳/星野恵瑠,ソフトウェア全般,https://lh3.googleusercontent.com/Iow5RGd2hVb79a18Tv9PyLNntvn_b2hAv9kjBg2KjOkH147dF1qBxhd6wNwDg7jATJZDcJpPgo8LhUdOSKtj,,Live 2D、Swift
https:/techbookfest.org/event/tbf04/circle/14670007,う12,nayucolony（ナユコロニー）,ナユ,ソフトウェア全般,https://lh3.googleusercontent.com/47j7Vh0zAAB27v7B-c5mbDhg7BK2Iyg8pyxWTa0ugYboLxxakzLHH726q5iTXhwpdz7UbPrP3Jk-X_zd2ZxlGg,https://nayucolony.booth.pm/items/829823,こまるUI よくしてみた本
https:/techbookfest.org/event/tbf04/circle/15600005,う13,osakana.factory（オサカナファクトリー）,未識魚,その他,https://lh3.googleusercontent.com/cXJd4mmWDADxqZebBZEm_NI6o4Rac3vCyn-1ctX7F4bANwd-oJtNurMTyJx-SqG52ACqwX7rA363GPUUuy2H,http://ofo.jp/,情報理論や統計分析による作画技法論。機械学習など進める際の基礎理論に。
https:/techbookfest.org/event/tbf04/circle/12760005,う14,Orange Jellies（オレンジジェリーズ）,ジョリ,ソフトウェア全般,https://lh3.googleusercontent.com/CF35vJu666TrTzGIsN08ApxU5-Vs188Bo5kqHwO0hIQllEbDUCr9lorlEf__u5rp1aPfobuNWV_ifvCxo3hYwA,https://www.facebook.com/ParametricProceduralHoudini/,SideFX社のHoudiniを利用した自然界のアルゴリズムを利用したアルゴリズミック・デザインのレシピ集
https:/techbookfest.org/event/tbf04/circle/18280004,う15,Ωplus（オメガプラス）,しゆき,ソフトウェア全般,https://lh3.googleusercontent.com/IozKDSN5qmPzq_K1lxi9v0qvY0m9JfJKN4QDAAMcvyAOUux42XR-7pZe54CqFbkvp8Hrk8ntbzQdrOvZlCLX_w,,3DCG入門書
https:/techbookfest.org/event/tbf04/circle/12980005,う16,r360study（アールサンビャクロクジュウスタディ）,森和恵,ソフトウェア全般,https://lh3.googleusercontent.com/X-qgJy3wCI7tTcTsqMRVvQdo8AhYiMuWyvlUZs4i248UbaeE9nVCWQdykSwhDHz2uUuZpLmSNX1QeojALC1QNg,https://twitter.com/r360studio,Adobeソフトのマニアックなトコ集めました。できたてほやほやの新刊「DreamweaverとBootstrapで作るウェブページ制作の手法［動画・PDF付］」と 「XDとPhotoshop・Illustratorで作るウェブデザイン制作の手法［動画・PDF付］｣の2冊を頒布します。
https:/techbookfest.org/event/tbf04/circle/19360008,う17,ぷにめゼミナール（プニメゼミナール）,ぷにゆきぷにえ+稲荷狐々,ソフトウェア全般,https://lh3.googleusercontent.com/xM9LPfkXG2qO2uzWgYEtqbPL9VqdxB6u4UKwgs7A8TvjaflGPHTUiNKG-xVk6MdfM35J6IjE_UPSNfiWNxzm,https://twitter.com/,CLIP STUDIO PAINTでデジタル作画でアニメを描く本
https:/techbookfest.org/event/tbf04/circle/11930002,う18,SLEEPYHEAD by Futon.（スリーピーヘッド）,ginrei,ソフトウェア全般,https://lh3.googleusercontent.com/_jNMp3f05vEQ-9PBLwluBC6OGcciXqrK_qzWH-y268LuAcnvPwvZLBQBKY8ActRwUOlw9dt062w46KhwbwBy2Q,http://futonweb.net,プロダクトデザイン・UIデザイン系理論書とマンガ、Adobe Script・ClipStudioアニメーションなど創作系の自動化・コード化情報
https:/techbookfest.org/event/tbf04/circle/13860001,う19,CANDY CHUPS Lab.（キャンディチャップスラボ）,チームぎゃおぱん,ソフトウェア全般,https://lh3.googleusercontent.com/GhiJCYI6Twg1B3UW5trBJ4b_URR4H02zlRoyeKj8FgqZWeaQheU_pXGXxm6AbEB0Q5KB_6nA0XVtnUCfNLkO,http://candychupslab.azurewebsites.net/,vvvv、svgなどを用いたメディアアート作成・技術解説
https:/techbookfest.org/event/tbf04/circle/14520004,う20,味噌煮研究所（ミソラボ）,へんてこ,その他,https://lh3.googleusercontent.com/o7ekMpxl9DCSqhpBRVDJnVItVhiny4kR-D7XVvO9zpX8RTvTl7xXAQwINALm6v6EckvwohWxTg8Cgzk13KY,https://miso-lab.henteko07.com/,「第一部: いざというときの Git リカバリのマニュアル」「第二部: D 言語で学ぶ並行並列プログラミング」「第三部: MeshLab を使ってモデルファイルを変換しよう!」などのニッチな技術の合同誌を頒布します
https:/techbookfest.org/event/tbf04/circle/15600006,え01,KLab 株式会社（クラブカブシキカイシャ）,KLab 有志,ソフトウェア全般,https://lh3.googleusercontent.com/JTx9XCwTlJ8siAPrx9mTSdYitghXg7RaNo_kXTHutC5qGOQhXxyWa0XhZCQtzupaceJRtUlswGhg8wwUk0_c,http://klabgames.tech.blog.jp.klab.com/,KLab 社員の持っている知識、Unity 3D やゲームサーバー・インフラ・その他仕事に関係ない技術までをいろいろ公開します。
https:/techbookfest.org/event/tbf04/circle/12900001,え02,きんとーん・らぼ（キントーン・ラボ）,きんとーん・らぼ,ソフトウェア全般,https://lh3.googleusercontent.com/_DLevzoBzaCqkirVoWsSp2kIFz_O7mrmMp-2PBVMGJTuQdI5c68CZ_Pv_AbQZPQrMWYNU3o32rnGfmpQ_eCGWg,https://developer.cybozu.io/hc/ja/articles/115003505983,サイボウズ株式会社のkintoneを題材とした同人誌
https:/techbookfest.org/event/tbf04/circle/22020006,え03,株式会社サイバーエージェント（カブシキガイシャサイバーエージェント ）,株式会社サイバーエージェント,ソフトウェア全般,https://lh3.googleusercontent.com/4kesZNfpZst9RtevNhwjT71zne-Nx0lyM649jKy1iKcjdql31xLfTEM_9dBOiYcx-lHFXpqJL2jBxlIb268,https://creator.game.cyberagent.co.jp/,"Unity, C#, 設計, Rx, シリアライズフォーマット, エディター拡張, IDE"
https:/techbookfest.org/event/tbf04/circle/14530001,え04,りまりま団（リマリマダン）,もふもふ,ソフトウェア全般,https://lh3.googleusercontent.com/383QIy-fIMThZ0veJamJMY6txlakVrGQNytimAYyYyyq5_Whp-JZu3CAWXrVgYzaSbhUyfHRxmTfLMvqxKl_ow,http://rimarimadan.hatenablog.com,技術書典2でElastic Stack5の本を書いたらいつの間にか技術書典シリーズとしてAmazonに載っかることになったりまりま団です。Elastic Stack6（Elasticsearch Kibana Logstash Beats X-Pack Basic）の解説本と、ひよこ（新人・駆け出し）エンジニアが生き抜いていくためのサバイバルガイド（という名前のエモみ溢れる本：無駄にオススメされる本はひよこエンジニアが読んでわかるのか？や有名ポエムはひよこエンジニアにしみるのか？の考察）を出します。後は技術書典3で配ったLogstashを使ったデータのパース本もありますよー。
https:/techbookfest.org/event/tbf04/circle/11690003,え05,肉と鍋（ニクトナベ）,なおたこ,その他,https://lh3.googleusercontent.com/0z-I9c5XNxfNfVwfFY8HBX4VVEf4eWcdDGxnOkOT3N5it7eFU2Uz5ik043aINoT0yXmHkB-KqwVcMGa8Cyif,https://nikutonabe.com/,肉の調理（特に低温調理）におけるさまざまな指標の解説や、その測定手法について解説する。新刊は肉の多汁性を測定する本。
https:/techbookfest.org/event/tbf04/circle/14720003,え06,3エーカー（サンエーカー）,美月でんでん,その他,https://lh3.googleusercontent.com/kYGe8DWCiNCJLIlQe4ijrSuTaq9jlVaJis4S_J15CM7NBkLhWj0X0C8vOrVvCDgUR-rSMpbaMJg3OuuR_QBLFw,http://3acre.dip.jp/,理系（主にIT系）ネタがメインのギャグ4コマ漫画（巻末に簡単な技術紹介記事付き）です．内容はストーリー4コマで女子高生のゆるい部活モノになります．
https:/techbookfest.org/event/tbf04/circle/10880005,え07,テスターちゃん（テスターチャン）,まつ,その他,https://lh3.googleusercontent.com/BXVHMc9MKjOXaN6ND4W9_fM3M1IaymC8ZPljETCOMNoIOxLqW_iejBwCwydWhlbfA2QHceGCJK0NMSd2yco,http://testerchan.hatenadiary.com/,ソフトウェアテストに関する解説漫画本の新刊（2巻）および1巻
https:/techbookfest.org/event/tbf04/circle/18260009,え08,かまずにまるのみ（カマズニマルノミ）,tadaaki,ソフトウェア全般,https://lh3.googleusercontent.com/_ZMoxo1b-o1I-AYYhkfor6iT2HhaayR7CWaqwbvO8TGHs7VCgssAzF-6w4-ma1zIiNmoSpZeVDvYMybmEZg,,ふんわりLinuxカーネル本、プログラマさん4コマ漫画、労働法っぽい本など。
https:/techbookfest.org/event/tbf04/circle/14710012,え09,signico（シグニコ）,Hi_king,科学技術,https://lh3.googleusercontent.com/QiFL8D2pMaEfpwqLVPKabRYyMYiRQo2uxnO1A_OcLuYNXfT18xXjJWsPQKCydG-8rzqfx3OQhdUzNhktO_bq,http://signico.hi-king.me/,機械学習・統計を用いてアニメ・イラスト等サブカル系幅広く分析
https:/techbookfest.org/event/tbf04/circle/20080002,え10,日本アンドロイドの会Unity部（ニホンアンドロイドのカイユニティブ）,日本アンドロイドの会Unity部,ソフトウェア全般,https://lh3.googleusercontent.com/5w167EUl-MkAnz-SHL7ZmTPlZelXI3wmu2rhsY3q5fnOk-AXZC3k0OOcPCHo0NeEUen0907ktP0qOIllUqA,http://www.unity-bu.com,Unityに関する情報をお届けします。
https:/techbookfest.org/event/tbf04/circle/12760001,お01,Develup（デベルアップ）,CloretsBlack,ソフトウェア全般,https://lh3.googleusercontent.com/n4sFM89XuQEy_313iqH68u70c_2wK6JEgy8y2TM93MnZ7mhh7ZnImdj05RI-QAz_H8rkB7w4LhbpnTCckxmspQ,,USBメモリやクラウドストレージに格納可能なポータブルネットワークシミュレータのクックブックです。VMとDockerコンテナを使用して、軽さにこだわって作り込みました。マルチパスBGP環境の構築例付きです。
https:/techbookfest.org/event/tbf04/circle/18420001,お02,吉川雅彦（ヨシカワマサヒコ）,吉川雅彦,ソフトウェア全般,https://lh3.googleusercontent.com/uiH1X4fxMQvOXvYWPmj_u8_HhyDPoSptTDwN2RXkcp-zYhvF5WcePA0290GxO10RihyIJuLH8lkkbisCLupt,http://yoshikawaweb.com/,HTML・CSSについて、狭く深い技術の本（もしくは、コーディングのニッチな技術の本）
https:/techbookfest.org/event/tbf04/circle/12790002,お03,犬テトラ+（イヌテトラプラス）,takanorip,ソフトウェア全般,https://lh3.googleusercontent.com/EalQov_eHL0zkLU2xarWJ-BX4MvXuRP7KyDJV-nCEeuNYUSzsapXdAXt9FsRjtSVS_fHvHu3PmJIza4NU12aTQ,https://inutetraplus.netlify.com/,hyperappとウェブフォントの本を書きます。
https:/techbookfest.org/event/tbf04/circle/20040012,お04,Nikkei Engineer Team（ニッケイエンジニアチーム）,Nikkei Engineer Team,ソフトウェア全般,https://lh3.googleusercontent.com/uTfgtgPM4RrtnqIUHgJIR34DYVoGQlmBipahG95m-BwrJ-v5o9EbVAdxdQXLnkF_EzaNljIE7CqJ-qZyFjXL,,日経電子版の開発を通じて得られた技術的な知見やノウハウについてまとめた本を頒布します。
https:/techbookfest.org/event/tbf04/circle/12930001,お05,Wantedly執筆部（ウォンテッドリーシッピツブ）,ウォンテッドリー,ソフトウェア全般,https://lh3.googleusercontent.com/RdDJNzfo8Yrhs4ufZ9sLLBwFm4MW41ecU6xT_sJASr3rl_ztuBscO70GGYjPK6wcBvXmi0iG3pF4cYptGVQx,https://www.wantedly.com/companies/wantedly,Android/モバイル/インフラ/実務/機械学習/スタートアップ
https:/techbookfest.org/event/tbf04/circle/21030001,お06,ころころぶっくす（コロコロブックス）,corocn,ソフトウェア全般,https://lh3.googleusercontent.com/x61BbC5eCVRJfPfz-Dilu-bZdU1Hj1nyBm3vmtJAgHk82ArvEO8b9JE0xnsHMJTNwhUwsxOZ3FSCnVFg3u8,http://blog.corocn.jp/,クラウド認証プラットフォーム「Auth0」を使って、認証付きのSPAを作る本を頒布します。SPAはNuxt.js、APIサーバーはRailsを使います。
https:/techbookfest.org/event/tbf04/circle/16460001,お07,Webサービス作り隊（ウェブサービスツクリタイ）,加藤泰明,その他,https://lh3.googleusercontent.com/L6vCJdYGMh4kpcpbfyhv50FaenPowRFTHYWIgiTCXxuH-69RmOqG6qRIHrDCSy1Jov4E-9E-6w3TucJrdWSM,,ベンチャー企業や個人の開発者向けに、Webサービスの企画・開発・運営・セキュリティに関する同人誌を頒布しています。
https:/techbookfest.org/event/tbf04/circle/11830001,お08,Cpaw（コポウ）,cpaw,ソフトウェア全般,https://lh3.googleusercontent.com/sSb8THqJ6la8qXnKmMLs2_1gkcKA08ez1aWQcGIUwp0pHsOTix1t6LcLmtxMmasBmqGxCU1qrAiyA_xy_qln,,セキュリティ・機械学習
https:/techbookfest.org/event/tbf04/circle/16430002,お09,Secure旅団（セキュアリョダン）,"ken5scal(鈴木研吾), bbr_bbq(高江洲勲), 北原憲, wireworkes",ソフトウェア全般,https://lh3.googleusercontent.com/VI8R7P_yFh0YO8g3Dy_KLQQZoslXFwsEVP2tZyetWHUsHvc3QSMhJb5sUXbF_83ssTqBZdxBni8i0EB07iA,,好きなセキュリティ関連の情報をガンガンアウトプットしていく会
https:/techbookfest.org/event/tbf04/circle/19350001,お10,きじゃくせい（キジャクセイ）,ごぼてん,ソフトウェア全般,https://lh3.googleusercontent.com/S9IuT4rF5sgqBNeUt7ayDn76CSav9GhBESDpz8eO5Fzg1UZsC7M8bYxxiS-5Rg1YmgZPLAPTx8bS8lwcXgQa,,コミケで頒布したコンピュータセキュリティに関するコラムと新刊の予定です
https:/techbookfest.org/event/tbf04/circle/14710003,お11,urandom（ユーランダム）,"op, yyu",ソフトウェア全般,https://lh3.googleusercontent.com/X026vfbwR8K24hJuC4xHsAScFpQbqsRaWYbQIkS82lMeXkMQ1FvE9Jj1e13yUNDko_JJtbhJkqFKCnPI8crY,https://blog.urandom.team,コンピューターセキュリティについての同人誌。ICカードのメモリダンプについての本と、Bitcoinの利用法についての記事を掲載。
https:/techbookfest.org/event/tbf04/circle/11870003,お12,IoTSecJP（アイオーティーセックジェーピー）,IoTSecJP,ハードウェア全般,https://lh3.googleusercontent.com/kWPD7LiFUaJtKKtznc8BP6tNBOc_rGQBzlaVFC6NK7gJPQEhedHXrEvhH8SFg72-Pc88ZDJr9fzvCwh81jHU,http://ruffnex.net/iotsecjp/,IoTSecJPのメンバーがIoTのセキュリティについて記述した同人誌を頒布します。創刊号は「BusPirate」特集です！
https:/techbookfest.org/event/tbf04/circle/12880002,お13,らいるぐだぐだ自宅研究室（ライルグダグダジタクケンキュウシツ）,らいる,ソフトウェア全般,https://lh3.googleusercontent.com/LjB7FAwhIs_p_weEqBpqXO4iioJpJZCrwtduKbaH6LSbAlLbqGxtC5sZ4FvmMf2MS0eHYFV6JQ2QZ2kkRCs,http://d.hatena.ne.jp/railreku/,"セキュリティテスト,ファジング,AFL 脆弱性検出技法ファジングで今熱いツールAFLに関する入門＋小ネタ本"
https:/techbookfest.org/event/tbf04/circle/11900008,お14,Allsafe（オールセーフ）,Malitter,ソフトウェア全般,https://lh3.googleusercontent.com/zmBe3hUxXMPsA-Ay6_orsVzmyEFh5T-yjz-qK7dO0GqC-dYg4ataeT9Cjm3qODVfxqxI3uwMqtT6nhU_hJ1j,,Computer Security / Malware Analysis / Python / x86 / 海外ドラマにおけるハッキングシーンの考察 / Windowsマルウェアにおけるパッカー(予定)
https:/techbookfest.org/event/tbf04/circle/21000002,お15,morihi-soc（モリヒーソック）,もりひー,ソフトウェア全般,https://lh3.googleusercontent.com/TCGn82EH8WjdRcrwhsU4CvBDed269q9vlotrAXN0SR7fqkjtb_HvuA5bPi0DxwDhZNs0Yy71wwKl8CEiQDpK,http://www.morihi-soc.net/,新刊本は、セキュリティ技術の1つであるハニーポットの構築方法を紹介する本です。また既刊本として、C93で初出の「WebShell図譜」も頒布します。
https:/techbookfest.org/event/tbf04/circle/15610006,お16,TomoriNao（トモリナオ）,TomoriNao,ソフトウェア全般,https://lh3.googleusercontent.com/_9WQlu1PLeOw4TFgIAlkhHz1V-zAeYqYnRh6_nIZbzLpt5SP5samyLLSliOFT8Qz28NWhP7g0tz7PIxxQF9e,http://tomorinao.pro/,待望の新刊！世界的なセキュリティのコンテストで活躍した経験を活かし、バイナリ解析やWeb脆弱性診断などの情報セキュリティ技術を中心とした技術同人誌。本文の体裁は、一般的な技術系同人誌と同じく文章と図による‬。
https:/techbookfest.org/event/tbf04/circle/15500001,か02,進捗大陸（シンチョクタイリク）,進捗太郎,ソフトウェア全般,https://lh3.googleusercontent.com/j75UhaujVzIv8bydFlopZmKA7Wf1UtSifTx-zs-8QSsMNnC9RmY9R3o4x7gyaLrdYQmk7zOvC2mSYQjhXcU,https://shinchoku-tairiku.github.io/web/,言語処理系に関するあれこれ
https:/techbookfest.org/event/tbf04/circle/10880006,か03,東葛飾PM&A研究所（ヒガシカツシカピーエムエンアドエーケンキュウジョ）,いなやまふみたか,ソフトウェア全般,https://lh3.googleusercontent.com/k7sGk54sZ-Twl04sP6XgCALopyP_c2a3X2YKxPEqVJGxrjoM_9ClfqQOLTjMe83_deDxwZ9YbvOh_xCDRqn_,http://inayama.hatenadiary.jp/,プロジェクトマネジメント、チームマネジメント
https:/techbookfest.org/event/tbf04/circle/17510003,か04,SunPro（サンプロ）,SunPno,ソフトウェア全般,https://lh3.googleusercontent.com/--k0MOKn5S7szkpIkpszK_Tq6qDNfzoByTEgYwRvPrYJlrwt1UT82XKVBaGl_Il1eThpeW5gsx-XBDI6qSRM,https://sunpro.io/,サークルメンバーが書いた技術記事を寄せ集めたよろず本。今回の内容は「Linux・GNU・Ruby・Node.jsなどのソフトウェアの歴史について」および「3Dプリンター」。
https:/techbookfest.org/event/tbf04/circle/12830004,か05,あれくま（アレクマ）,kumaryu,ソフトウェア全般,https://lh3.googleusercontent.com/fvMiak2u1AMLj44qXQ5wKg9j0j0M8_GMEwm_3UK59Ij5qeiUirxbrygYVRDCZWY_LViQnTSoVN5LcSKkEBwL,https://www.kumaryu.net/books/tede-msbuild.html,Visual Studioなんかのビルドツールとして使われているMSBuildの解説本です。MSBuildのプロジェクトファイルを一から書いたり、Visual Studioのプロジェクトファイルをいじったりする方法を解説します。前回プレビュー版として頒布したものの完成版です。既刊のライブ配信のなかみもちょっと持ち込みます。
https:/techbookfest.org/event/tbf04/circle/19150005,か06,G Storm（ジーストーム）,tasario,ソフトウェア全般,https://lh3.googleusercontent.com/iXLZpjvSL5lwXF5IsfU7lP5nUsJ5ZUrd1n5XOdWDpKvNgQCTPtY-r7ojtMauQLE52iZOgYB2yU4ZCPAXMqp7,http://tasario.sakura.ne.jp,ネットワークについての解説書の発行。主に、ソフトウェアでL2スイッチを実現するソフトウェアスイッチ（Open vSwitch）についての解説書を発行しています。機能の解説およびコマンドリファレンスをまとめた解説書です。
https:/techbookfest.org/event/tbf04/circle/15420009,か07,好きなコマンドはdigです（スキナコマンドハディグデス）,mochikoAsTech,ソフトウェア全般,https://lh3.googleusercontent.com/lyFNQUzOZTXzEUJ__F3xWxnyCA0f8OSD8hf59i2i6RS70iiOu-ZWZuVpkMTVJOSqH2b_T86dP2j9Ho0v6ATQ,http://mochikoastech.hatenablog.com/,IT系で開発をやってるけど、インフラ周りはあんまり分かってないのがちょっとコンプレックス・・・そんなエンジニア向けにドメインやDNSを分かりやすく教える一冊を持っていきます！ サイトリニューアル時、DNSの変更をしたのに浸透に時間がかかってなかなか切り替わらない・・・とか悩んでませんか？DNSのことよく分からないまま、取り合えずnslookup叩いてませんか？ 分かると楽しい！ドメインやDNSを一緒に愛でましょう。  これからシステムやプログラミングの勉強をしてみたいけど、わからないことが多すぎて最初の一歩が踏み出せない新人エンジニアや、エンジニアの言ってることがちんぷんかんぷんなプロデューサーさんやディレクターさんにもおすすめです。
https:/techbookfest.org/event/tbf04/circle/18300002,か08,さかさまダイアリー（サカサマダイアリー）,もひもひ,その他,https://lh3.googleusercontent.com/VIO15mID7wav7YuoOWn13AWmwTXZu1IhFGumpfO_ZWvICN162EC_lqQu7UaUqjzKutn4yl4hcFflYml4oMI,http://mohi.hateblo.jp/,「村上春樹っぽい文章の書き方」を研究することで情報処理技術者試験や採用面接に応用・実践したり、脆弱性診断を解説する本。
https:/techbookfest.org/event/tbf04/circle/17400001,か09,浜風もっこす（ハマカゼモッコス）,もっこす,ソフトウェア全般,https://lh3.googleusercontent.com/UHcl9MbwEtXQpLCsqrXzwhesyiTYAC1pWjxy1wiLjnJvCTs2mQ5LiMf3joaDuGcUj4pRimZgEZpkU-N4304l,http://networkmaniacs.net/circle/,いつもどおり、ネットワーク低レイヤーの本です。技術書典3で完成に辿り着けなかったものの、試行錯誤や当日の会話などからようやく方向性を見出して構成が出来てきたTCP受信編を、今度こそ。
https:/techbookfest.org/event/tbf04/circle/15540002,か10,#pj_publish（ピージェーパブリッシュ）,#pj_publish,ソフトウェア全般,https://lh3.googleusercontent.com/VeaPBsFUDBLliXYqJp8s7j_CRBPlSkqUtwWeGgpz1A0CFr3-AGHEGMQQfEaFOj3OZ9idcALniWMdJbb9pFA,,ハンズラボ株式会社内の非公式サークル#pj_publishの初の合同本です。ハンズラボで実績のあるAWSクラウドやシェルスクリプト、スクラムの話から、認証、IoTまで、様々な内容の記事を掲載します。
https:/techbookfest.org/event/tbf04/circle/16610001,か11,うなぎ式（ウナギシキ）,yuukin,ソフトウェア全般,https://lh3.googleusercontent.com/oLdUnVYMRlM4D5PnFeOG8L5NrD9Hdazru5X7Y5BMpJft_2B0N444UYwbHTagRQ6RVCgyhkgSuffYhksZHoQx,,サーバ・ネットワークインフラ全般に関する内容を主としています。IPMIやPXEを使ったサーバ管理や、コンテナからvSphereまで様々な環境構築、スイッチ・サーバ間のエッジネットワーク管理などなど。
https:/techbookfest.org/event/tbf04/circle/17530002,か12,萌えるEIT倶楽部（モエルエンタープライズアイティークラブ）,EcCh@n  / dozono / かなぴえ,ソフトウェア全般,https://lh3.googleusercontent.com/sA6bLM5oQtxvWoB0XLrRZspNH-ENQOaZ-nID6sKNeZjUCRmhF4hcQKhf8y-7kBiLUq4JP5q98RD0iIeknugi,https://www.sprout-eit.club/,サークルメンバの自宅にあるインフラを使ってエンタープライズにも通用するITインフラの構築を試みます。製品：FortiGate、Juniper EX、YAMAHA RTX、NEC IX、Intel NUC、Sophos、VMware、Nutanix、NetAppなど
https:/techbookfest.org/event/tbf04/circle/16650003,か13,すべてがM(icro)になる（スベテガマイクロニナル）,ota42y,ソフトウェア全般,https://lh3.googleusercontent.com/ifNuKSuMBRel_15gljW_I6_RnyKXbt9JCPjOmcaB_21mc9PfUPyvyZkB0uM28lOqd26-6atX-HakNpMTCr8,https://ota42y.com/,マイクロサービスアーキテクチャに関するよろず本
https:/techbookfest.org/event/tbf04/circle/14710005,か14,Gravity Pianist（グラビティ ピアニスト）,ひゃた,ソフトウェア全般,https://lh3.googleusercontent.com/5mwTjJCkoteoUJJ1bVPkhskDC6qQPLQxjQ-X2IFU4e8zSvkU5DwCjVfLBSZQTOhHk9BQe5euwRsZ1xHIrsw,,Amazon Web ServiceによるサーバレスAPI構築本です
https:/techbookfest.org/event/tbf04/circle/19330012,か15,めもおきば（メモオキバ）,Aki@nekoruri,ソフトウェア全般,https://lh3.googleusercontent.com/vkneZ2xpfGJmfYj4MViSK0Vbp0qMtdXbSMSDfVUSDi59OM-TFr016qNk8JOZGShLPGPw_j7ygGRiIL4NDSrRQQ,http://d.hatena.ne.jp/nekoruri/,クラウドとセキュリティの技術解説・コラム
https:/techbookfest.org/event/tbf04/circle/17370003,か16,ふぃーるどのーつ（フィールドノーツ）,せとあず♂,ソフトウェア全般,https://lh3.googleusercontent.com/uG3uGVygeW9sXQhWUYh-py2-mbeQdLQVajrFV80wvTp0dqeqZcu3PX0Cu9o44r7tc5FgFO7kb4vS1T2DF_o,http://pub.fieldnotes.jp/,新刊は「Mackerelではじめるお手軽サーバー監視」の予定です。既刊も出ます！
https:/techbookfest.org/event/tbf04/circle/14540004,か17,カウプラン機関極東支部（カウプランキカンキョクトウシブ）,wanda4,ソフトウェア全般,https://lh3.googleusercontent.com/qu1_nhasukluAaOOPdYdvg7xvxakBGLDo_5PJm61n_gdQXrtP8u9R-a7XZvbM7BcIOUlASWLMbGaRVV0OmA,https://kauplan.org/,プログラミング（jQuery）、インフラ（サーバ設定自動化）
https:/techbookfest.org/event/tbf04/circle/17410006,か18,るてんのお部屋（ルテンノオヘヤ）,るてんしと,ソフトウェア全般,https://lh3.googleusercontent.com/rV-aHha61V6MRc0j28CLVIr_LBFr8hjNOAJm5E_QOQjYq0DHZ-cAd2GXBa28szhwH8ehcSHprVjCwT-UnCc2,http://crocro.com/circle/,技術系同人誌。出展予定は「形態素解析器kuromoji.jsで遊ぶ」「Google Chrome ユーザーデータ自動軽量化Book」「HTML5＋NW.jsで 同人ゲームを作る 基礎知識 for Windows」「TinySRPG アルゴリズムブック　JavaScriptのコードで学ぶ シミュレーションRPGの処理」「JavaScriptで 実行時エラーを起こす 100+の技法」「JavaScript:特殊コードゴルフ マニアクス」「ARToolKitを使わずに ARマーカーの認識を フルスクラッチで作る方法」です。また、JavaScript製の8bit風RTS「TinyWar」、JavaScript製のSRPG「TinySRPG3」も頒布予定です。
https:/techbookfest.org/event/tbf04/circle/16650007,か19,Fluorite（フローライト）,ほしまど（旧：淡幻星）,ソフトウェア全般,https://lh3.googleusercontent.com/NOBDG42Pvi0gEPWlkrkmlMLEYPPJD3ijJK5wxioBC0dhf1z_gisryQars6KAyhpchgFkoQZ7J5KMEMKIBsk,http://fluorite.halfmoon.jp/word/tbf04_mocha_azure/index.html,「JavaScriptでテスト駆動開発をやってみよう！実際にWeb アプリを実装して公開！」するまでの手順を記載した本を予定しています（新刊）。http応答にはExpressフレームワークを、UIにはVue.jsを利用し、作成したアプリはAzure上で公開します。「1+1=2を検証します」では【なく】、「SQLデータベースに照会して××なら○○する、を検証する」という具体的な機能をテストコードで設計する様を、Mocha＋Chai＋Sinonを利用して説明します。
https:/techbookfest.org/event/tbf04/circle/19150007,か20,愛宕文庫（アタゴブンコ）,ledsun,ソフトウェア全般,https://lh3.googleusercontent.com/snRunQpmXO-vZTxYpDanqMOTWA1Efzsvw7IhlK0K4TpvEGLbI3XSWTYgVhjPJwvH_epliIfAXOm72UACrpg5,,現代Webフロントエンドデザインパターンを整理した書物。Webフロントエンドに関わる技術を「あるシチュエーションでは、何々という問題がある、解決方法に○○が使える。」というテンプレートにしたがって説明します。
https:/techbookfest.org/event/tbf04/circle/10890003,か21,ukyoweb（ウキョウウェブ）,ukyo,ソフトウェア全般,https://lh3.googleusercontent.com/tcmn8yTQDRt8yqU_UZ-LI_DmFgtstCGAjMnS_bkaQxR0CshS6hunOxmv4FssZlVX-wWU9gsiiKreASuIWkn-,https://ukyoweb.com,最近virtual domの実装とかアルゴリズムについて調べているのでそこら辺を詳しくまとめたやつを出したい
https:/techbookfest.org/event/tbf04/circle/12820001,か22,底なし沼の魔女（ソコナシヌマノマジョ）,れいな,ソフトウェア全般,https://lh3.googleusercontent.com/y6rjPdMWcQW9HnGHHkF9jA5CplX5xMgDAg5mkNR0qvTDIjLP8zDREubhyawzV3bauRv5lVeAuijaeofp5vFc,https://qiita.com/MegaBlackLabel,React関連のフロントエンド。Reactについて今使うべき手法とパッケージをまとめた本とNext.js入門書
https:/techbookfest.org/event/tbf04/circle/19150009,か23,ねこの手@福岡（ネコノテアットフクオカ）,mya-ake,ソフトウェア全般,https://lh3.googleusercontent.com/vovUE1N7WIqFsxSO7FmgTKl2hALDKilRLfq9Mix15fKlY7RZ9ALX4lHpTM4NvnbvNqEBX_5oJQo9hhOdSEZ3,,Vue.js tips 集は Form や Vuex など筆者が今までの開発の経験から得た知見の塊となる本になります。知らないと損するCSSはこんなCSSあったの？できたの？というようなものを例を交えながら紹介する本です。デザインのうすい本はエンジニアのためのデザインわかってる感がでるようにするためのハンドブックです。これら3冊の新刊を頒布します。
https:/techbookfest.org/event/tbf04/circle/17570001,か24,楽描帳（ラクガキチョウ）,nasum,ソフトウェア全般,https://lh3.googleusercontent.com/7QGjaJe7gQm4kkSYtoe-BlK26ul7JBeiTFlKW0Mlz-k3OpwtxeQL2Ojxl09cCo0CZA2-9WrS16OB1Ax27xY,,Vue.jsの初心者向けの本と、Nuxt.jsについての本を描きます
https:/techbookfest.org/event/tbf04/circle/20070012,か25,ぴよ10（ピヨテン）,tomoko523,ソフトウェア全般,https://lh3.googleusercontent.com/1DN3Zfg26OQkU83TAej8eTjiHO3ym33UjoO-Q-W_cKF-0zQoh0aHRuxOKVKSyoY-3BIeBfMvhL3TkAlY4WT_gg,https://tomoko523.github.io/portfolio/,VueとVuetifyを使って理解したこと学んだことをまとめた本。
https:/techbookfest.org/event/tbf04/circle/17590004,か26,Monochrome（モノクローム）,汐瀬なぎ,ソフトウェア全般,https://lh3.googleusercontent.com/AqpZQkNnnZO9WFMOAdfb3unio5C1UgYgpQVVk9CzD7aRv2a8YhzJ0qKCCBQz1Simrr1ElPZyX-bcf6j_kDyx,https://twitter.com/polyxx/,フロントエンドの環境構築(Webpack/ESLint/Jest/React等)についての解説本
https:/techbookfest.org/event/tbf04/circle/17580004,か27,帝都研究所（テイトケンキュウジョ）,potato4d,ソフトウェア全般,https://lh3.googleusercontent.com/Se8yipenZezk8V_IboUng1dHR2RZUp4jQ51g0VTxwPniXdZMty1ScTAXnLnBr3ZpOQW6TlgTs_wIV_iD3t4,https://potato4d.github.io/tbf04,Nuxt Tech book
https:/techbookfest.org/event/tbf04/circle/13800003,か28,chibi-developer（チビ-デベロッパー）,chibi-developer,ソフトウェア全般,https://lh3.googleusercontent.com/TUYwe4clsrRySPt85-aPzih0SWk_IBsRz1cCFf2OpGvAuZ_deoZhHi-Gf9hqEoCRONL2TZeGvsTbh-zUr6lM,https://chibi-developer.booth.pm/,"ブロックチェーン初心者向け, 福岡IT企業マップ, RxJS, android"
https:/techbookfest.org/event/tbf04/circle/16470001,か29,御苑×Lab（ギョエンラボ）,Bong / satof.J,ソフトウェア全般,https://lh3.googleusercontent.com/e1eR8LNOAXEtMgrewiifiIHAVcUEIL_-fbQNhptNTW1AJI4suLFd3srZV6209FHIQMvWjA2g5OXBRDAqBomNIg,,フロントエンド / バックエンド / Android についての技術書
https:/techbookfest.org/event/tbf04/circle/21050011,か30,あいさつチンパン！（アイサツチンパン！）,迷子人,ソフトウェア全般,https://lh3.googleusercontent.com/93H4eyVBg8LRf2Z489vjh7HPm7rBepCu069k1wEn61bcRaImTcsEtCUM6huXuISXslhvHBSOSy0SGZjrjAS7,,CSS Stylus
https:/techbookfest.org/event/tbf04/circle/13990002,か31,Capital P（キャピタルピー）,Capital P,ソフトウェア全般,https://lh3.googleusercontent.com/De-cUw8f5X__1mR5OucsrSS5Sux9hNARZXCMri6jH4azCFG2ueYsg-IWjjPHlL0-rO6AoXkej5vWOnedL880,https://capitalp.jp,オープンソースソフトウェアWordPressをGoogle Cloud Platform上に公開するための書籍
https:/techbookfest.org/event/tbf04/circle/13790004,か32,idw.jp（アイディーダブリュードットジェイピー）,五十嵐武志,ソフトウェア全般,https://lh3.googleusercontent.com/3l8pH5Mkcr7CF7G1sxy0O52Z11gLIgneXP1AqFu_1i4u0boAa3z8XOmNqelUXW5l1WwFe8KYM1BdyMiUjURv,https://idw.jp,WordPressをCLIから使おう！WP-CLIの本
https:/techbookfest.org/event/tbf04/circle/12770005,か33,いしだけ（イシダケ）,"t_ishida,コンドウアヤ",ソフトウェア全般,https://lh3.googleusercontent.com/DT5P_6OcobmPWDzVnu1loCAt_DDrcmQ8P2Y5hE3RWoRb6Fx-4dcuA7U3oPP3yQyAXr3FzH-6Jc8_iI5Z_1Pp,http://www.dezapatan.com,要素技術だけに頼らず、体系技術的なプログラミングの考え方を楽しく身につけてもらうために、小説形式の技術書を作っています。新刊は完売作品「でざぱたん」「セキュリティホールたん」の電子版リメイクの予定です。
https:/techbookfest.org/event/tbf04/circle/15430001,き01,Xamaritans（ザマリタンズ）,Xamaritans,ソフトウェア全般,https://lh3.googleusercontent.com/Ajk2P-PpPGLbUZPy8axtnFymxs_hujNfv18kqIpA7lxLmIII2ZwEmRdyi8B6n25EZu-eEsQHMoK6kcmNCxCQ,https://atsushieno.github.io/xamaritans,Xamarin、.NET技術、その他
https:/techbookfest.org/event/tbf04/circle/14520005,き02,越後屋（エチゴヤ）,なかざん,ソフトウェア全般,https://lh3.googleusercontent.com/DL-lm4M1crPL4d-H4iyhAea7INaXHopIrsLLKRGFZSmrHYqX9P4rim46x0XYxspqXOSi8YYIxoJs4lEYn4NR,,React Nativeの本です。技術書典後払いiOSアプリをcreate-react-native-appで作った話と、React NativeでWebアプリとAndroidアプリを同時開発した話と、React Native Androidの内部実装についての3本立て！
https:/techbookfest.org/event/tbf04/circle/16440004,き03,PEAKS（ピークス）,7gano,ソフトウェア全般,https://lh3.googleusercontent.com/LK1S-RL1AW6h_bgHM84kW1eoRWysLmER4teZ_IdaiSKvVBGYc24svoY-j7ht_2L7FfDMvv-7lcVEwswgio9y,https://peaks.cc,iOS Android
https:/techbookfest.org/event/tbf04/circle/18270008,き04,@shu223（あっとしゅーにーにーさん）,堤 修一,ソフトウェア全般,https://lh3.googleusercontent.com/tiISJydCUVpVfV7_puBaGohUzMZb3QDfyctm1YmQMQdeV6lY5tvyuey0UjhnluEnesZwOSLexbhFGh2MD_iY,http://shu223.hatenablog.com/,刊行物1: Swinjectの作者が解説するDependency Injection - Swift 4対応版 / 刊行物2: iOSのGPUを扱うためのAPI「Metal」について解説した書籍
https:/techbookfest.org/event/tbf04/circle/11790002,き05,水曜日のデロリアン（スイヨウビノデロリアン）,水曜日のデロリアン,ソフトウェア全般,https://lh3.googleusercontent.com/3VtkDIbLV-uphXx9UbKBc_RJqQKKN_5cknTZVqodwBaI4TUVFx9_rzd1FqWC1rSB8rVstllzbcSN7YlQHNSE,,コピペで作るハンズオンから LINEボットで(リアルの)彼女を作ろうとした話まで 5人の共著でチャットボットの最新事例を載せてます！『LINE Bot vs Facebook Bot 〜2018年春の陣〜』 『コピペで動く！Google App Scriptを使って無料で簡単LINE BOT制作ハンズオン』『LINEボットで彼女作りにチャレンジ！』『暴言には愛(AI)を与えろ!!』『 チャットボットは流行るか？』
https:/techbookfest.org/event/tbf04/circle/11780001,き06,Alice Laboratory（アリス　ラボラトリー）,サンスケ,ソフトウェア全般,https://lh3.googleusercontent.com/royHEot6-TpBwiiCOepfzv2UkCwsc6RwMmgRzBgN43FT-1fzXhklopJgRcE7k9KapSlrR4yAXeg02k3QSKLJ,,抱き枕と会話してみた！プログラム解説本( C92にて配布した既刊の再配布 )、余裕があればAndroid、Bot関連の新刊
https:/techbookfest.org/event/tbf04/circle/18270006,き07,おかもちもち（オカモチモチ）,さとう,ソフトウェア全般,https://lh3.googleusercontent.com/crkrR-toa5GiaLR6jJVLu1AQE0xIt3sgOy_qqk5hzyre6OChfdBjkIO05cf7UOYdAKMCv4IkQpvs1Je3qHS_,,Microsoft Bot Frameworkをつかってnode.jsでSkypeのbotを作る
https:/techbookfest.org/event/tbf04/circle/13790006,き08,ひろ亭（ヒロテイ）,ひろ村長,ソフトウェア全般,https://lh3.googleusercontent.com/bSiF-qrz4j6RTGOQqa8Qqeecr6Frk09lyZN4g896iyZ7xNAUMg8VMZ2ju1uciykaCn7ZTP1EtCBxfm6urtxCYw,https://twitter.com/hirosys_,スマートスピーカーを子育てに活用するための設定やスクリプトの開発、失敗談。　元気があればクラウド関連も。。。
https:/techbookfest.org/event/tbf04/circle/11920001,き09,神Excel（カミエクセル）,"花房なゆた, nob",ソフトウェア全般,https://lh3.googleusercontent.com/RUjN7nOyZNerp4cTUswyCY3NybF0_vvbSCYHtaSlFHtdEtgVxEJ2IXH1QyqjJJzjo6Uyk58TJqBZlhNQ2xYT,https://god-excel.com,神Excelで働き方改革
https:/techbookfest.org/event/tbf04/circle/14510002,き10,8x9Craft（ハッククラフト）,やこまま,ソフトウェア全般,https://lh3.googleusercontent.com/5kM_VjpONuIxRhuggtkzExsTzIB-DB71vNwDP6pIFkzhrAtwy1m8e_fM6656jgPXzbC7HLPkmMGfgcdwJZOq,http://craft.8x9.jp/ja/,子供プログラミング
https:/techbookfest.org/event/tbf04/circle/12890001,き11,Dragon University（ドラゴンユニバーシティ）,rizaudo,科学技術,/assets/images/dummy_cut.png,,Generative Adversarial Network等の生成モデルの解説や暗号技術など、記事にする価値を感じた物を記事にしていく会誌です。
https:/techbookfest.org/event/tbf04/circle/22030004,き12,大根侍（ダイコンザムライ）,今村謙士,ソフトウェア全般,https://lh3.googleusercontent.com/XGKcteP703gdo5chYbWiX2mEOmKIAhVApDrBeAundllFjFSfEeLZ8cxxiK1XRpVGWF6-JT9eDoBnUkQtMY8,,30代非モテエンジニアは、機械学習の力で婚活の勝ち組になれるのか。
https:/techbookfest.org/event/tbf04/circle/18430009,き13,code geacc（コードギアック）,code geacc,ソフトウェア全般,https://lh3.googleusercontent.com/rGR04_5Bj01Wx9aER7sarA3QDJjGhjuT39_mlQ0dXX7GaNpiSqzcv9-97qkftLffCgF7d44Deme3QwR__qX31g,,CNTK (Microsoft が主導して開発しているオープンソースの深層学習ライブラリ) の入門書を頒布します。環境構築からMNISTの実行、そしてOpenCVと組み合わせた初歩的な画像解析までを解説します。TensorFlowとの比較も盛り込めたらと予定しています。
https:/techbookfest.org/event/tbf04/circle/15610005,き14,スーパーなヲタランド（スーパーナヲタランド）,なヲタ,ソフトウェア全般,https://lh3.googleusercontent.com/OTjH2RtorfXjlf6nx8ham7urAYWzLWKdcT9ZcUH3bpow_c4HXrKmt7X_mpz1YOMRQiQgrpY3q-aG42Sb2HDj,http://www.nawota.com/,音声、深層学習
https:/techbookfest.org/event/tbf04/circle/18430007,き15,dlshogi（ディーエルショウギ）,山岡忠夫,ソフトウェア全般,https://lh3.googleusercontent.com/GLJ-Ptu7YaxiY2kQN_ucAfTPbOFH6f2eMva7XXP45RlvWuPzeflI0ZDlSxfNwk24LCZCWoFZDsx8xPwOZxz2,http://tadaoyamaoka.hatenablog.com/entry/2018/04/20/001226,ディープラーニングを使った将棋AIの作り方
https:/techbookfest.org/event/tbf04/circle/12880006,き16,SIG2D（シグツーディー）,SIG2D Authors,ソフトウェア全般,https://lh3.googleusercontent.com/c2NsF_KD5imlUF3LMQkOs1S1G1-by1mVI2yGlDpsbMMFX1B-DN46HHp_UpomHsrXTG1Fb_uWEU1B9mytoAqA5A,https://sig2d.org/,画像処理・音声処理・機械学習などの情報処理技術を用いて、よりよく二次元の女の子を愛でられるようにする研究成果を発表します。
https:/techbookfest.org/event/tbf04/circle/21060002,き17,めがねをかけるんだ（メガネヲカケルンダ）,Keiji ARIYAMA,ソフトウェア全般,https://lh3.googleusercontent.com/ofsw13PEkE-d8yOEen6oSkO1VVMX302o1gknb8Da3gfQqCUDFHgC24PlUTxPUlHXfuQLQFALkWuVNGUKayI,https://blog.keiji.io,新刊２冊。一冊目は、筆者が技術書の商業出版に関わる中で経験した様々なエピソードを通じて、知見や反省点をまとめた本「本当はおそろしい商業出版！？」を、２冊目が、TensorFlowを使って2年間ひとりで取り組んできた「ML Ops」の活動記録を題材にした「茶色いトイプーは食べ物じゃないっ！」となります。
https:/techbookfest.org/event/tbf04/circle/16630006,き18,あかまる（アカマル）,あかさか,その他,https://lh3.googleusercontent.com/0kLtA8Lt-nrC28akX1WtCmaSc7anOfDIHsvJrRPafiPTfva19c14KDC-oHbt-Jbmrw1T8oEWcUWsshqWHemx,,人工知能ミニ四駆をより速くするためのテクニックや、現在取り組んでいる学習システムの紹介や、大会レポート等を盛り込んだ最新の情報をお届け。
https:/techbookfest.org/event/tbf04/circle/10890009,き19,Rosenblock Chainers（ローゼンブロックチェイナーズ）,cafeunder,科学技術,https://lh3.googleusercontent.com/X-ecJLhtu5Mqwn0i84xB6TJcpZNjnnlliOZ9hKjJ7ro3tGEjF1oips-SSHj53Av55AWe8XpOlALk8qYgJ7It-g,https://rosenblockchainers.github.io/index.html,人工知能（進化計算，強化学習，深層学習など）に関する技術同人誌．GA，GP，ESによる最適化，強化学習や深層学習によるゲームAIなど．
https:/techbookfest.org/event/tbf04/circle/10970001,き20,第7開発セクション（ダイナナカイハツセクション）,tboffice,ソフトウェア全般,https://lh3.googleusercontent.com/NbiOoYqtoeS_z3jacjUpTMue1oyKBSC4fkunBPSKYge--5d3molGNFkIN3fbK3Td0IDCu9OqdtxG3IITyRwm,https://sites.google.com/site/dai7sec/,linuxのソフトウエアメイン。シェルスクリプト系でcoreutilsやらprocps-ngやら
https:/techbookfest.org/event/tbf04/circle/18260004,き21,date-refinement（データリファインメント）,カレーちゃん,科学技術,https://lh3.googleusercontent.com/Jf68IC4IQfwK5pyqdvML22pc-E0H29i_hBe3NE4SmAuR2H4W7F4wCqH8tKhao6AWTzjXY03bvX9DExWX5Jp45g,http://www.currypurin.com/entry/2018/04/20/085927,Kaggleをやってみたい方、機械学習をやってみた方を対象にした本です。機械学習を使えるレベルになるには実戦から入るのが一番だという思いがあり、Kaggleというデータ分析のコンペサイトで実践を積むのが一番近道だと考えています。Kaggleのサイトは英語であるため、少し敷居が高いですが、この本を読めば、チュートリアルコンペであるタイタニックコンペへのサブミット（データの提出）を通してKaggleで何をしたらいいかということは間違いなくわかるように書きました。著者自身もKaggleを始めたての身ですが、今後も一緒にKaggleをやっていきたいと思いますので、是非この本を手にとっていただき、一緒にKaggleに挑戦しましょう！他には、もう１冊は「技術をお金に変える=錬金術」というテーマの本を頒布します。たくさんのメンバーで書いており、良い本に仕上がっています。試し読みがありますので、是非試し読みしていってください。
https:/techbookfest.org/event/tbf04/circle/15570003,き22,サブカルクソ河童（サブカルクソカッパ）,SAWADA Ryoto,ソフトウェア全般,https://lh3.googleusercontent.com/heEapU_AkSB1BYO-8Q5lFxhN_YEBFvChEnFxjsFUgKz_TYcz4ydEyn5eTrJUc6XyEG_YB9WaqIXzeqidxoWn,https://twitter.com/Qhapaq_49,将棋電王トーナメント入賞ソフトであるQhapaq開発者による将棋ソフトの最近の流行と、少ない計算資源で学習を成功させるための開発手法に関する解説です（電子書籍での頒布を予定）
https:/techbookfest.org/event/tbf04/circle/11680003,き23,日本 openSUSE ユーザ会（ニホンオープンスーゼユーザカイ）,ftake,ソフトウェア全般,https://lh3.googleusercontent.com/z03qBYvjksdIFsQn_K1FHQ003yJc_26FIfUC40YnIzKKVq2hKtIfzJB09tL1wi13CUzKEZlXeBHzodLfsWDtYQ,http://opensuse.geeko.jp/,日本 openSUSE ユーザ会のメンバーが集まって執筆した同人誌 Geeko Magazine を頒布します。インフラレイヤーからアプリケーションまで、Linux 関連の記事を幅広く扱っています。
https:/techbookfest.org/event/tbf04/circle/11950009,き24,しょぼんブログ（ショボンブログ）,YUKITO KATO,ソフトウェア全般,https://lh3.googleusercontent.com/QSS054jnSKyOxXymjsgu-hYQilWn0Ad0LtXWm4ogqghJsZFH8ahpOB5d7m5jHnefM9ArnopYrtPPXVAEODXrwQ,https://syobon.jp,Windows Serverで動作するSystem Center Configuration Manager 2016のインストール解説本です
https:/techbookfest.org/event/tbf04/circle/19320001,き25,Ginza.rb（ギンザアールビー）,ken1flan,ソフトウェア全般,https://lh3.googleusercontent.com/eEBqbB4VruitZVjbSKBxgncpVpCZDsmmKZH522RshW85nf95l99kR1ySGX_OVF39DVgBbc8t5_k4t_e4MWso,http://ginzarb.github.io/,ginza.rbミートアップ募集ページイラスト集、軽量WebフレームワークRodaの本
https:/techbookfest.org/event/tbf04/circle/17460001,き26,みさきとミギー（ミサキトミギー）,youchan,ソフトウェア全般,https://lh3.googleusercontent.com/VUL_a9oSYX6c0qmU6109JZ_0_7Jh2QZKAB3sNju1v6Lb7VfBHxUS3wzuxTpk02wT-m7AwkihpimpUB3QTrcV,http://youchan.org,RubyのiSeqについて解説する本を頒布します。
https:/techbookfest.org/event/tbf04/circle/19330004,き27,どらやきもなか（ドラヤキモナカ）,もなかさん,ソフトウェア全般,https://lh3.googleusercontent.com/3UfrIk-djglqN6ptgA7BbvXfa76_C2DKesc1Vi6HehEQ2eZbf9PZuGmvlorVQ8ihfatuoV1Va_lIAx-OA4w,,Ruby でプログラミングしていると、同様の結果を得ることのできる複数の書き方が頭に浮かぶことがあります。そこで、より速い Ruby のコードを書くためのイディオムを、ベンチマーク、速さの理由である実装の解説を添えて紹介します。
https:/techbookfest.org/event/tbf04/circle/19330006,き28,SatisFactory（サティスファクトリー）,SatisKia,ソフトウェア全般,https://lh3.googleusercontent.com/otdk4o2JYX2_Pv1tK2hAnjl5gkwt_a51UY1AtqQhBO52ruihF_kLUVsEaRLt4BCi-v8UtbmvtoIJTVecUXjV,http://www5d.biglobe.ne.jp/~satis/,オリジナル言語の仕様解説書
https:/techbookfest.org/event/tbf04/circle/20040007,き29,EREX工房（イレックスコウボウ）,夜道,ソフトウェア全般,https://lh3.googleusercontent.com/DSxa4l-XDyBM2cBmAqFg13pcUEdO0jUdkVdRHj7nycdB88e2sT94lAnxYC4sZEaLxO-WHp9GnVvhecaGVz3p,,プログラミング言語Julia に関する技術書（入門書）を執筆・頒布する予定です。
https:/techbookfest.org/event/tbf04/circle/18410004,き30,錬金術師組合（レンキンジュツシクミアイ）,"hayabusa333, darui_kara",ソフトウェア全般,https://lh3.googleusercontent.com/qpbuXKMw6I47k29kotjsR5ftcb5rZFpqNkUmC3Ea7UcVhdBIkltP36mAlNp8SJkvT9hLXuKabzkumRKbMuKouA,https://eifie-atelie.herokuapp.com/,プログラミング言語Elixirに関する本
https:/techbookfest.org/event/tbf04/circle/16530002,き31,golang.tokyo（ゴーラングトウキョウ）,golang.tokyo,ソフトウェア全般,https://lh3.googleusercontent.com/6n68sJxMn5UPa01E_rEb_LwF6KfFxmr44cxUVAOvTKLs2dBZHBC-VWrJkjSDEkFTzmgNprlNh8Fd9rbLsv0,,Goに関する技術書
https:/techbookfest.org/event/tbf04/circle/17400004,き32,team scomber（チームスカンバー）,eldesh,ソフトウェア全般,https://lh3.googleusercontent.com/qL9i__RURKFMnRgW0d_Ea6mdtscpYnpphxWslPPHdqO59e-wbeJFUYW29r0a1aUTinqsRlRqMQooOUi5T4TT,,関数型プログラミング言語であるMLとその関連分野についての知識、あるいは使用に際して得られた知見を発信します。
https:/techbookfest.org/event/tbf04/circle/18460007,き33,Dodgson Labs（ドジソンラボ）,チェシャ猫,ソフトウェア全般,/assets/images/dummy_cut.png,,諸事情につき頒布物変更の可能性があります。
https:/techbookfest.org/event/tbf04/circle/13790002,き34,趣味はデバッグ……（シュミハデバッグ）,岡本和樹,ソフトウェア全般,https://lh3.googleusercontent.com/9ODwkoZTFiA8U70IRhjGIpVOaFiEW37SGsmnmv46j2YwV6VNjTY-nUs0znFiVc13MdY3Cvmz3lQpWRayyMv8fw,http://doujin.kakkun61.com/,Haskell の手続きプログラミングの側面について
https:/techbookfest.org/event/tbf04/circle/13820005,く01,闇のAndroider（ヤミノアンドロイダー）,okuzawats,ソフトウェア全般,https://lh3.googleusercontent.com/NahinTg5QBKz5oxyXwk34ZbYdardi7nmN9jaeXcDZEWgIXVatQjwAO_npsok0AVvfl1NnfCDee_02OCXIMwD,,Flutterを使ったクロスプラットフォーム開発入門とAndroidアプリ開発入門について書いた本になります。
https:/techbookfest.org/event/tbf04/circle/19150006,く02,53鍵盤（ゴジュウサンケンバン）,わかめそば,ソフトウェア全般,https://lh3.googleusercontent.com/G_Gy-2zWjNn_grE4DhzRJpD_m2sgvivILF6O6COJKMGAg19eODkhBFN5RsFqzAAhONZV0oTxs5a00god3h-f,https://www.wakamesoba98.net/circle/,Android Twitterクライアント systemd-nspawn
https:/techbookfest.org/event/tbf04/circle/11700003,く03,焼きりんご（ヤキリンゴ）,d_date,ソフトウェア全般,https://lh3.googleusercontent.com/EjssiPcjR9vOljbaXUysvAY5oWM74gBcHHIf5qTYd-EJffx_PbTN6QHuuvvfZRku-lY39PHqUbfkzWPw64WC,,iOSにおけるFirebaseの使い方を解説した本を出します。使ったことが無い方に向けたサービスの解説から、経験者でも突っかかりそうなTipsまで広く浅く解説したいと思っています。初出展です。どうぞお手柔らかに！
https:/techbookfest.org/event/tbf04/circle/22020002,く04,Personal Factory（パーソナルファクトリー）,佐藤剛士,ソフトウェア全般,https://lh3.googleusercontent.com/vD1_QZ2Rnt8O84uwD4D4x3zOJ4bsioPmCF4JTwRfM07vtK_35y0x1wY1-4Zcp-aBROKZRzFQaMl0hwpQ3A4,http://blog.personal-factory.com/,「【新刊】公務員の文書改竄防止システムをブロックチェーンで作ってみた」:改ざんされない文書管理システムをブロックチェーンで作ります。「【既刊】Vaporで学ぶはじめてのServer Side Swift」:Vapor入門書です。
https:/techbookfest.org/event/tbf04/circle/20040002,く05,大志（ヒロシ）,bati668,ソフトウェア全般,https://lh3.googleusercontent.com/l8eayeJeJoYSHUU-Zf0QgkmznivlCc7ePRfxyxvT9eprdeNVdF9JcgFERstTHZ7AYLyUu3ahTrW9S-kXuY1Q,https://mobile.twitter.com/nanamoto7483,初めまして、フリーランスエンジニアとして活動している千葉大志と申します。よろしくお願いします。きたる技術書展４では、私は「iOSアプリ開発デザインパターン入門」という本を出版する予定です。本書の目的はMVC やMVVM などと呼ばれるiOS アプリケーション開発をするために必要な設計を学ぶことです。 私は前職などで、インターン生などの教育を担当していて、プログラミングのプの字も知らない人に対して、iOSを教えていました。そこで問題意識を持っていたのは、初心者から中級者への壁が高いこと、そしてそれらを橋渡しするいい感じの本が日本には存在しないことです。海外の本だと何冊かあるんですが、日本にはなくて、オブジェクト指向を知らない人に説明することがすごい難しいなと感じていました。現状、某Webサービスや、某プロフラミングキャンプでなどでiOS学んでも、プロダクトを作れるようにならなくて、そも先がないんですよね。その先に進むためには、じゃあ結局企業で1年ないし、2年は働くしかないと。なので、iOS初心者の方が、スムースに、企業で働くことなく、中級者になる為に必要な知識を体系的にまとめた本を作りました。
https:/techbookfest.org/event/tbf04/circle/17390001,く06,みじんこ組（ミジンコグミ）,みじんこ組,ソフトウェア全般,https://lh3.googleusercontent.com/kjUPwWik216i3OLy-CAMaXu__Xcx5S7lKr-Dy82k5tA1IOQszWg77APIoiprxB8FDsVkVUB8RzbpZIqoqAqx,https://twitter.com/daphnia_class/status/914009676500447232,世界中を探しても無いであろうmacOS向けデスクトップマスコットの作り方の本を新刊として出します。その他、過去の技術書典で頒布したものも持ち込む予定です。
https:/techbookfest.org/event/tbf04/circle/14600001,く07,ダンボールハウス（サンボールハウス）,Danbo-Tanaka,ソフトウェア全般,https://lh3.googleusercontent.com/YY1YvJcyII331Xo0-rLTG_-IaiarDl21ORx6trA9CymsV-yEkX0RRlUzjTM8IgCMQS-JQ-2_TvGOwEvZ3mzG,,SwiftによるTDD入門
https:/techbookfest.org/event/tbf04/circle/19360001,く08,superflip（スーパーフリップ）,kusano_k,ソフトウェア全般,https://lh3.googleusercontent.com/oI5Oaxpg--HaWImcl01BqXDlahVLIiue6e60kNuJbO5oXzuPtXt--nL2Gx9s7z59uOv-qPlMiGibNI-HQEtH,https://twitter.com/sprflp,前回の冬コミで頒布したファイルフォーマットZIPに解説する本を再販します。間に合えば、暗号通貨に関するペーパーかコピー本も頒布したいと考えております。
https:/techbookfest.org/event/tbf04/circle/15520001,く09,ゆるげぶ（ユルゲブ）,白石俊平,科学技術,https://lh3.googleusercontent.com/zC85LkoJO-KjSIYsUjNolD2VRcpY8hZxkW46VIfG02iC_2oGGakyOZYcpa0An45ptwNjp33x7z6LI0NpWu9ZOQ,https://m.facebook.com/groups/1722105741413771,第二次人工知能ブームの中心的書籍だったと言われる、「ゲーデル、エッシャー、バッハ」についての解説＆二次創作になります。原著はゲーデルの不完全性定理を中心として、人工知能やプログラミング言語、脳科学など幅広く取り扱った（分厚い）科学エッセイです。
https:/techbookfest.org/event/tbf04/circle/16530001,く09,ゆるげぶ（ユルゲブ）,白石俊平,科学技術,https://lh3.googleusercontent.com/zC85LkoJO-KjSIYsUjNolD2VRcpY8hZxkW46VIfG02iC_2oGGakyOZYcpa0An45ptwNjp33x7z6LI0NpWu9ZOQ,https://m.facebook.com/groups/1722105741413771,第二次人工知能ブームの中心的書籍だったと言われる、「ゲーデル、エッシャー、バッハ」についての解説＆二次創作になります。原著はゲーデルの不完全性定理を中心として、人工知能やプログラミング言語、脳科学など幅広く取り扱った（分厚い）科学エッセイです。
https:/techbookfest.org/event/tbf04/circle/18440001,く11,もくもく温泉（モクモクオンセン）,tabunmuri,その他,https://lh3.googleusercontent.com/wZd4RJOU9gxMR4hNVi1339YYF0HrxsAz-qUVc_X6FzidUXEdI6yWifwAbw7ZluyuL80-8511zVqpggazXk_hPg,https://mokumoku-onsen.connpass.com/,もくもく温泉という開発合宿イベントについてのレポート冊子を頒布します。
https:/techbookfest.org/event/tbf04/circle/15570007,く12,Suomi Project（スオミプロジェクト）,このすみ,その他,https://lh3.googleusercontent.com/KBwglaicjElIippoC7n_EW6r3vHT3EoZ_JYcJ1ITiALSEsDSF9pPIlxLrm14QE6Ak9N4k3GuRYFZLl0o6hhy,http://www.konosumi.net/,Firebase Realtime Database と React.js を使ったリアルタイムアプリケーションの入門本を書く予定です。
https:/techbookfest.org/event/tbf04/circle/21040006,く13,Outlaw Tech（アウトローテック）,えむにわ,ソフトウェア全般,https://lh3.googleusercontent.com/iSICD3IeSCVyY21Qr2ziFC18mmcMRl-GYIdAwtSwlN5jhuadIVje0GCJou9unMpTcsdiicKgaVTjr1AiymOl,http://m2wasabi.hatenablog.com/,Laravelで開発をする人向けの道具選択、使い方を解説したノウハウ本。実践編では、PHPStormとDocker環境の構築からTDDでミニAPIサービスを設計・構築します。
https:/techbookfest.org/event/tbf04/circle/18430011,く14,チャーチル（チャーチル）,ふにゅん,ソフトウェア全般,https://lh3.googleusercontent.com/lx2LdGpQd8OU-TaOaDYnh1LDuFTmC_9xEEP62k3aBqjcew-dl_iIcvXaNp_BtsJVIqnp0VArv_tQZ5u0wQk,,Vuforiaを使用したARトラッキング解説
https:/techbookfest.org/event/tbf04/circle/16490005,く15,2点ビハインド（ニテンビハインド）,Yuruwou,ソフトウェア全般,https://lh3.googleusercontent.com/cJ8SQhotk7l55N00Lcl35fLmnai4IuUEFaGPbXg7USGKC6-cJi37D50yrR6VdEXnAC1XB7VehBFnq6D6ejt5,https://www.yuruwou.com/,Unityを用いたVRコンテンツの作成に関する実体験とノウハウを初心者の観点からまとめたもの
https:/techbookfest.org/event/tbf04/circle/15600002,く16,GarbageCollection（ガベージコレクション）,出水洸太郎,ソフトウェア全般,https://lh3.googleusercontent.com/VuP-5HaXX4yjpUV6rw2KGa7agMe7yrTIaVOKVn5OOng3gtUiP7lD4szphfdAy3mPlAgY7I9UvfZVTZZ5EJTz,http://nijiken.sakura.ne.jp/,VRコンテンツの本と数学の本です
https:/techbookfest.org/event/tbf04/circle/19370008,く17,れいぞうこのドア（レイゾウコノドア）,youten,ソフトウェア全般,https://lh3.googleusercontent.com/ByVKJVtWrrpAMMdTfQHYw3lSVTEnN3C95O_1pXXFQPd-OCjWbnTyJ1aY2E_w_1cJy4dUpABbfCutLfvcvQv3ew,http://greety.sakura.ne.jp/redo/,VR関連の技術本。バーチャルYouTuberのシステム構成などに関する説明と、実際にVive+UnityでバーチャルYouTuberシステムをOSSとして作ってみた話を書いた本を出します。
https:/techbookfest.org/event/tbf04/circle/15420007,く18,エモCG（エモシージー）,sho7noka (しょーなのか),ソフトウェア全般,https://lh3.googleusercontent.com/Bbwgsx5HC5HFTjAE8B5OJ6cVkQ4m_S6rbSdK9Qgskwrdvw_oTcAKwG6W64bF4OpFap21MCEmWYJtOHH_5D4Y,,ARやVR、Vtuber など、3Dに対する需要は高まっています。  その流れに乗って3Dを始めてみた初心者の方にとって、 覚える単語の量や高価なサブスクリプションアプリ、プロプライエタリなファイルフォーマットなど、越えるべきハードルが多くて大変です。  Macと無料で使えるXcodeがあれば作ることができます。 オープンソースの Pixar USD と 3Dのサポートに積極的なMacを使って3Dプログラミングするためのノウハウを、技術書展4に書き下ろしました。  Pixar USD および関連する Swift フレームワークについて書かれた本は世界初です。
https:/techbookfest.org/event/tbf04/circle/18430008,く19,コンテンツマーケティング協会（コンテンツマーケティングキョウカイ）,雨月,ハードウェア全般,https://lh3.googleusercontent.com/v81DQ_hKoYz7ekkGsckjfg8QJKF2OdJV2ucUZO3EQaiGDNZ6YTz-__naqdaVCpiGQ-OkZ6SBWk5e9pDioz8,https://twitter.com/udk91,ジャンル：VRおよびマーケティング。頒布予定「VR/ARは美少女AIとともに」「このVRがすごい！」「これからのコンテンツ業界の話をしよう」「Re：ゼロから始めるコンテンツマーケティング」
https:/techbookfest.org/event/tbf04/circle/14680001,く20,バッペルッポやさん（バッペルッポヤサン）,てんちょー,ソフトウェア全般,https://lh3.googleusercontent.com/VWDg0xC0Ghyvccv2DDI1klPrPRc7qW_BjVg4r5xD0D0ajWjWNEGzujjbg1L9GS9r987USKya_nHSAeiJ5-A,https://twitter.com/shop_0761,UnrealEngine4
https:/techbookfest.org/event/tbf04/circle/21050012,く21,Parasuicide（パラスーサイド）,たっきー,ソフトウェア全般,https://lh3.googleusercontent.com/s0qHdjFdh-QDNf5oN_nnVZ1DHfae--HfFNZtTEd4hc4mtSwNHx7LNtkXKv4Baoj8gQljIVeuVCgcdJn5Juc,https://obel.hatenablog.jp/,1. 「幻想水滸伝」に関する OSS の紹介本 2. Twitter でツイートを収集する方法を解説した本 3. ゲームのサポートツールについて（ペーパー予定）（「かんたん後払い」「pixiv PAY」対応）
https:/techbookfest.org/event/tbf04/circle/18470001,く22,チームムロスタ（チームムロスタ）,@RyotaMurohoshi,ソフトウェア全般,https://lh3.googleusercontent.com/94ANK9QsbS9WwbGoEibKasqYmW1TENybrrIF5hvkvAvWrMdzNTQqpC5KysUzfJyzr50Pw1vmQtDfN6DBenM,,ゲーム開発・Unity・Tilemap
https:/techbookfest.org/event/tbf04/circle/12870004,く23,BAKUNETSU VICTORY（バクネツ ビクトリー）,ふぃなっぷ,ソフトウェア全般,https://lh3.googleusercontent.com/zdINCk3CzzvY_gKh9Q17nJEqsxEm28cmPe7mEMkpBumGDbTCGaghbLWQ1_0Ca_v4coQ0lm8Rsq0bBBeVkFSi,https://finap.sakura.ne.jp/,『魅せるゲームグラフィックスを作るためには？』そのコツをまとめたゲームグラフィックス本と、UE4のUnreal C++本の2冊が新刊です。　お品書きはこちら：https://twitter.com/finap_moe/status/987342515995987968
https:/techbookfest.org/event/tbf04/circle/11680007,く24,Owl Works（アウルワークス）,owl works,ソフトウェア全般,https://lh3.googleusercontent.com/WxtQbzlNeBBFvtur59ZlYozmG7cPAPzYq2Lu8jqGdkveJWBEFFNgYA__AeRMcEubTgQLiV8ttTVn3LiUp4Wg,http://owl-works.org/,Webゲームを作ろう！(Rails/ActionCable)、M:tGとプログラミングの話
https:/techbookfest.org/event/tbf04/circle/15430002,く25,FullPowerSideAttack.com（フルパワーサイドアタックドットコム）,なんも,ソフトウェア全般,https://lh3.googleusercontent.com/FZMNGTsjzEPLR7SSoiaNJvD2yFeyRH5sBAzz8uVMY3_UT1IJQoe4CV2R8gxBPxW2EbP6pU4759Jjoxf706R5,http://FullPowerSideAttack.com,自作ゲームをマイクロソフトのID@Xboxプログラムを利用してXbox One向けにリリースしたときのノウハウをまとめた本を頒布予定です。もとになっているゲームのWindows版も頒布する予定です。またゲームの説明のためにNintendo Switchの試遊台を設置することを検討しています。
https:/techbookfest.org/event/tbf04/circle/18280005,く26,MZ工房（エムゼットコウボウ）,みず,ソフトウェア全般,https://lh3.googleusercontent.com/8IUG3CdD8J2BQWyV39VzoL0t593NPhDvcdg0n2i2KioaEw35FUK3YwEpaiSL5P_IRDk3aiinTt1rkWzfpdme,https://sites.google.com/view/mzfactory,触ってみたいけどそもそもググり方がわからない人向けの本です。Unityを使ったゲームの初歩の初歩の本、Googleホームの本
https:/techbookfest.org/event/tbf04/circle/13820003,く27,Indie Visual Lab（インディービジュアルラボ）,Indie Visual Lab,ソフトウェア全般,https://lh3.googleusercontent.com/U-5J4Mlwof5sOmHA2qG5Maigc8ata6Eq7ui7bXECkI-Zi3iVgmJGh13VCRw-xCwO2JKORu55hYv3DoJm40ZR1g,https://indievisuallab.github.io/,"Unityによるグラフィックスプログラミングテクニック, GPU, Shader"
https:/techbookfest.org/event/tbf04/circle/15430004,く28,染井吉野ゲームズ（ソメイヨシノゲームズ）,土屋つかさ,ソフトウェア全般,https://lh3.googleusercontent.com/lERYUxvEqltjmWTAxMK8g0Rj94AaFzfwPvDsM-dVM-_f3zX5DGuWaWGI8D4ZIaAcLPlr9VV4fz0RHn_xW64p,http://d.hatena.ne.jp/t_tutiya/,Unityのシェーダープログラミングについての解説書
https:/techbookfest.org/event/tbf04/circle/14720002,く29,LOCAL学生部（ローカルガクセイブ）,LOCAL Students,ソフトウェア全般,https://lh3.googleusercontent.com/W-D--IDUjrwlVd7c3lpPw0uuVItCsrsYvzNjB_xXEXwVaVr_QE51SkrEXPif1fuculur7TzG2bSDGh8cVi7X,,北海道で活躍するLOCAL学生部員がそれぞれの得意分野を記事にしたオムニバス形式の同人誌です。電子工作などの低レイヤな記事からLaTeXのような高レイヤな記事まで楽しめます！
https:/techbookfest.org/event/tbf04/circle/10940001,く30,BUSTERWORKS（バスターワークス）,nagi2100,ソフトウェア全般,https://lh3.googleusercontent.com/5GnjQR_1E02Cx9TekLTJflfO1r4jR9zeNhYHStJY8-Ea4N96r2s0OrIYJNlnNkS2cOzSm4-b8IQ5pD93xYA,https://busterworks.net/,IT業界事情本とOSS関連の技術解説書
https:/techbookfest.org/event/tbf04/circle/20040005,く31,まいにちがきんようび。（マイニチガキンヨウビ。）,しゅーくりーむ,ソフトウェア全般,https://lh3.googleusercontent.com/J_0EEG0fLDcfYvooOPtxAPqODPUtMj-ZZzyOG2Nli1pyv-r0KOA_f8KyaT7g3AfyO4j9CyI28hkRoiEf5Ci6LQ,http://syucream.hatenablog.jp/,Bitcoin などの暗号通貨や DNS 初級・中級者向け記事を集めた合同誌です
https:/techbookfest.org/event/tbf04/circle/11710006,く32,東京ラビットハウス（トウキョウラビットハウス）,erukiti (えるきち),ソフトウェア全般,https://lh3.googleusercontent.com/8n2YYh-kJGNYgUqxRzN8UKLppoxokcnWO6iKalMRvaeA8Mfi3B0-nP5u2DT8_-cYHlFss3l9LecA8FFwaZTesQ,https://rabbit-house.tokyo/books/,フル仕様のBitcoinの仕組みを、アルゴリズム、データ構造、プロトコルまで余すところなく、コードを用いてわかりやすく解説 + 錬金術meetup合同誌
https:/techbookfest.org/event/tbf04/circle/11860001,く33,あきよこブログ（アキヨコブログ）,akiyoko,ソフトウェア全般,https://lh3.googleusercontent.com/tTduwCtSLZ-XOzbRKH6dJB8CPwCsY9INkp1BOWLNqmy9vhIBxUBdD2i8BfyF32ao21PrUfraIEupk2aAgum3,http://akiyoko.hatenablog.jp/,Django本（PythonのWebフレームワークといえばDjangoが一番有名なのになぜか日本語書籍が少なすぎて困ってたので自分で書いた）
https:/techbookfest.org/event/tbf04/circle/17400003,く34,トゲトゲ団（トゲトゲダン）,トゲトゲ,ソフトウェア全般,https://lh3.googleusercontent.com/oEeMv04rkUr3rqEIKzLPXBB0jg7wZ6JpHSW-B3vjWFZXeKl_uXGQuyUANg0MhWQ8fAiesn2QPcrtOnyTmyBp,http://toge2dan.cnu.jp/,仮想通貨(Nekonium)、UnrealEngine 4など
https:/techbookfest.org/event/tbf04/circle/20080001,く35,錬金術MeetUp（レンキンジュツミートアップ）,alchemist,科学技術,https://lh3.googleusercontent.com/PWqjoQvTIvzNFUJdn8vW1ZG77sXkREU6UJwcpRYicZSWE5IuPG26vKmKO62HcDB7jaeyKGZ4eA2JHw9CM4BZ,https://alchemist.connpass.com/,内容は、技術によってお金を稼ごうということが主題で、株、馬券、仮想通貨、サービス運営等を技術視点でハックできないかをまとめたものになります。
https:/techbookfest.org/event/tbf04/circle/14560006,く36,紙印（カミジルシ）,おたべ,ソフトウェア全般,https://lh3.googleusercontent.com/Y7lMV9BMaUcmivu9x_32nU8KjC5wQlF_Q_JPjWfEn3U8rnX4DxPPXk7TJLFrS6ufk7DmH8QfCvopwseBlayv9Q,http://blogs.yahoo.co.jp/rem1988stores,ソフトウェアのテスト設計入門書です。
https:/techbookfest.org/event/tbf04/circle/19320003,く37,人工片吟（ジンコウペンギン）,マキノダン,ソフトウェア全般,https://lh3.googleusercontent.com/GxDSyr8ZW_2Laqlazw4aV0wSy56vS1ahVxTcU6SGPDckgItRrAv_tFmsL4pgeDI3hgdBpeZ-cZU0SVo8CrD9-A,https://sites.google.com/site/jinkoupengin/,ソフトウェアテスト設計、テスト設計コンテスト、セキュリティ、業務経験本
https:/techbookfest.org/event/tbf04/circle/20010001,く38,北南書房（ホクナンショボウ）,めがねたん,ソフトウェア全般,https://lh3.googleusercontent.com/rE0Na3db7kZ7w1YkSa4Y3ZgOT_hG1ia-UxuhNw9VCLpbgicaf1Mo4lDWtn-MJMmsBV42Vk3P1UjI1AetNV0S4w,,悩めるSEのあなたに寄り添う合同紙を頒布予定。「埃かぶったサービスはコンテナ化してしまおう」「SEのための開発環境構築自動化」「JUnit総まとめ」「天井からぶら下げるスマートホーム」などについて解説
https:/techbookfest.org/event/tbf04/circle/17580008,く39,Anatolí Lab（アナトリーラボ）,東の人々,ソフトウェア全般,https://lh3.googleusercontent.com/R1PzJ--ijj3mWF10i-ist-ZsxoXp_bF2lJVpdfK-Z2RZixzz4WCXcy88ctYgnA2SAyzjnJqYV6hA7vR-YcrAvA,,1: AWS、Azure、Windows、2: 技術勉強のTips、3: iOS構成プロファイル、委託: Hello worldカルタ
https:/techbookfest.org/event/tbf04/circle/18370001,く40,Team ZPN（チーム ザッパーン）,Team ZPN,ソフトウェア全般,https://lh3.googleusercontent.com/8r3_Y7QUamVlXu-yfLkSmmIazt5Yt2FVXxqfHZGcCMqzGFgF-Ut-p0wawxgELiHwInUuNxuwrKg4DzwqJsNI8Q,http://zapppaaan.freepub.jp/,ソフトウェア全般
https:/techbookfest.org/event/tbf04/circle/13790007,く41,ququ.（キュキュット）,りんりん,ソフトウェア全般,https://lh3.googleusercontent.com/V4vbjI3rRMnHA371LUOnq43NxT8ZdRNxPH4TkxctxOM2LmcxN1EnHPuUI1T_IH70WAjgB1QJG5xicVzvstlX,,Vim関連の技術書・グッズ、ソフトウェア開発プロセス改善やソフトウェアテスト(バグ)に関する技術書・グッズの頒布を予定しています。
https:/techbookfest.org/event/tbf04/circle/12850001,く42,にくよし文庫（ニクヨシブンコ）,nikuyoshi,ソフトウェア全般,https://lh3.googleusercontent.com/9kxuu9zhYg0UPKlpfBwptX9SlPBuuSB5bUMkpjo1iZI8zaaa_0myC2fkXpEx66F0NatkfrFhcy86HY6JBbXK,http://nikuyoshi.hatenablog.com/,ソフトウェアエンジニアの情報収集について
https:/techbookfest.org/event/tbf04/circle/18430010,く43,イカも競技も下手くそ（イカモキョウギモヘタクソ）,yumechi,ソフトウェア全般,https://lh3.googleusercontent.com/P3lojc_pYx9joG5EVHzVEMs-oMNYotDx0uu9-t1KO_PkkrI-MwyRLibWnMzdyb9zyiCwg7lgYgSUSoIVJiC8FQ,https://yumechi0525.amebaownd.com/,競技プログラミング
https:/techbookfest.org/event/tbf04/circle/15510004,く44,N4+（エヌフォープラス）,なのなの,ソフトウェア全般,https://lh3.googleusercontent.com/AgjFEnFnl8eXfUKaFIPPW9RCwpmEWN6mfByEBJ-LhERntVSUHeHOLUN1vZSWQJTj2pC9HVk9Qx-n5BdoZffF,,Android開発に役立つtipsをまとめた同人誌を頒布予定です。
https:/techbookfest.org/event/tbf04/circle/14540001,く45,KUGIBAKO（クギバコ）,kgmyshin,ソフトウェア全般,https://lh3.googleusercontent.com/sDyBaAmaXrw06ZT7bdA7vFJC1ChHktPhNf2oEU7OtyQDP4XeTI3XHSaOdF0MU14TCiQC0zz6k-hgQKIVwF4y,,Android
https:/techbookfest.org/event/tbf04/circle/18260006,く46,伊勢的新常識（イセテキシンジョウシキ）,伊勢 シン,ソフトウェア全般,https://lh3.googleusercontent.com/V7uuScik8nQ0VhA-o7r3GHjrWEjQV04Ace2PmdJvLEjcljFdlZ7DyMHuuFaDc6Lx5a74Fo_yDJBM4VHmOpI,https://c.iseteki.net/,スマートフォン・通信ハック系技術情報。今回は屏風スマホ本を予定。
https:/techbookfest.org/event/tbf04/circle/16610003,く47,Coupling Union Android 愛好会（カップリングユニオンアンドロイドアイコウカイ）,Coupling Union Android 愛好会,ソフトウェア全般,https://lh3.googleusercontent.com/L2cObW3bFzozFmJsS2BLj9uIfa8uB7BeVwlb7HbJzR42uYQUKQaKX-P_JM31ZKSkT6oJillLWP5O9ZiPA5UT,,Coupling Union所属の有志AndroidエンジニアによるAndroidアプリ開発の技術について
https:/techbookfest.org/event/tbf04/circle/17380002,く48,しゃのラボ（シャノラボ）,shanon,ソフトウェア全般,https://lh3.googleusercontent.com/2027gvB3dGFlCaZ0S680tIF2_sC24TS92NmINO3ocDs3VaevXKPhdWIxYmnDN9h9Xu8vBxvlYjAqlUesolEBjA,,Kotlinで作ったAndroidThingsのプロジェクトをRaspberry Pi 3で動かしながらIoTをやってみるハンズオン本
https:/techbookfest.org/event/tbf04/circle/13790009,く49,STUDIO　OVERDRIVE（スタジオオーバードライブ）,オカザキ,ソフトウェア全般,https://lh3.googleusercontent.com/ARAW7aCAbuBcM3yVHTN9STU6WL79I-H-HCQtIUHIN6x9I-cfG3e6K7lU-gyRwX9A8XoR9fykgaiQfGuU3XA,http://studio-overdrive.com/,PythonのGUIライブラリKivyのチュートリアル（ペイントソフト、ポンゲーム）のプログラムを拡張してAndroid端末で動かすまでを紹介します。
https:/techbookfest.org/event/tbf04/circle/11710001,く50,Indigo Algorithm（インディゴ アルゴリズム）,さく,ソフトウェア全般,https://lh3.googleusercontent.com/Ysuva8mkz35EEZlvz21_CNVrVfX5Wdz5HmmhXntKcUuzzKb85oSr3rONEqvv_-IHunJ42o-V-WfBS2VAhtyg,,NativeScript と TypeScript を利用したネイティブモバイルアプリ開発
https:/techbookfest.org/event/tbf04/circle/11750001,く51,legio（レギオン）,januswel,ソフトウェア全般,https://lh3.googleusercontent.com/egmBVyGUyeJuJistWxmRQcjgTzxFv0j_M_sLb2lEY3fzjxFIau9uC5LLjYXnfA8G6iU513bU0y54VTy6SUKF,https://twitter.com/janus_wel/status/983605916166602752,"React Native, security, etc"
https:/techbookfest.org/event/tbf04/circle/15490001,く52,Konifar's SYO（コニファーズショ）,こにふぁー,ソフトウェア全般,https://lh3.googleusercontent.com/g46qk6irCcWUVR8-zImX-2mhkUBnlCATMs57yLM4suZnLw34Q-HfPy3JkGPCWTP0xZ4l_7rAiA1im3XtVEg,,ときめくFlutter - Googleが提供するクロスプラットフォームSDK Flutterについての本です
https:/techbookfest.org/event/tbf04/circle/10890004,け01,clear-mint（クリアミント）,Yuki Ichinomiya,その他,https://lh3.googleusercontent.com/VfYQ1PUtW4jIv_mQwdlLKpjoX9lvNOh5CMGlKZ6LRmGSIsG7-oKxOnZTPAcmyaPybxKcF-cGqjNdUXCQXmPu,http://clear-mint.net/,ハード、ソフト、ノウハウ等をジャンルフリーに詰め込んでます。
https:/techbookfest.org/event/tbf04/circle/12750006,け02,反省会駆動（ハンセイカイクドウ）,れでぃ☆ばぐ,ハードウェア全般,https://lh3.googleusercontent.com/YN7OtngbvwMxkbj9eJw40Q1AgfSQhnpZ9xCrvIYxiWy4X5h4SwWpG-QI1zIQ9HWJ29Zp1VmZI6_lRG_6La3cVQ,,デバイス解説
https:/techbookfest.org/event/tbf04/circle/13800005,け03,KY技研（ケーワイギケン）,@_K4ZUKI_,ハードウェア全般,https://lh3.googleusercontent.com/nuoz-WmtGjBmrQz6roxiiPaHcG1b_Aef0Q_602JB0guNYqM9bSZi-mUq4z5h32tTCZkg50tiwD8BEg72qO45xw,https://github.com/K4zuki,MarkdownとPandocとDockerとCircleCIについて書いた本 / XMLについて書いた本 / USBホスト切り替えスイッチ基板 / 小さな液晶基板 / 計測器用ジグ基板と解説本のセット / 各種既刊
https:/techbookfest.org/event/tbf04/circle/14510007,け04,みんなのラボ（ミンナノラボ）,ICHI,ハードウェア全般,https://lh3.googleusercontent.com/Gc9b5fkaMpexjit-UL8ewJthBd8JhVj2v9KV78IGoR1urj8yBBk8Eo_wHhIr_Yf3KXuce9twfVmjSTAB4UXdTA,http://wakanyan.net/,Arduinoやmbed対応の自作ハードウェアや組立キット、電子工作便利グッズの頒布
https:/techbookfest.org/event/tbf04/circle/15420008,け05,はなごよみ（ハナゴヨミ）,押井徳馬,ソフトウェア全般,https://lh3.googleusercontent.com/2Mp8CxsbPIkqcgidAa35r5T41stECUrNGogRZo1LB-HqK26k4In0ElFainrUtZWdc5FZh5RkVBUqsEgF3EE,https://osito.jp/dojin/,論文での文献引用、俳句や短歌をはじめとした文芸活動、レトロな雰囲気を出すため等、今でも細々と需要のある旧漢字や歴史的仮名遣。WindowsやMacでの旧漢字や歴史的仮名遣による文字入力や、Word・InDesign・TeX等での組版の方法、そしてその作業を支援する自作ツールを紹介する冊子を頒布します。旧漢字と新漢字、歴史的仮名遣と現代仮名遣いの両方で文書を作れる環境を構築してみませんか。
https:/techbookfest.org/event/tbf04/circle/12830002,け06,とこしえ工房（トコシエコウボウ）,太郎,その他,https://lh3.googleusercontent.com/CkxxYJwBjdCuShbC6xBeSaJcZekWp_u6b6HnAb1RoH_S9LncGIiYipthJDnLaP_R1hH7qk9qsQXnV5Qs5jg4,https://twitter.com/tarou_barn,電子マネー（スイカ、クレジットカード）決済機を法人ではなく、個人で契約し同人誌即売会で運用するまでの体験記。小型モビリティ（1～2人乗り用の電動小型車）を公道で乗り、使えるかどうかの考察。官公庁、工場などの見学レポート。
https:/techbookfest.org/event/tbf04/circle/16430003,け07,Guri-Tech（グリテック）,ぐり,ハードウェア全般,https://lh3.googleusercontent.com/YFh3tAEBMWlBc2WSmnc8uzPxBsIaGpndOiLGjr5-sTBuyGK197xrIb08qezoHAHYMw7Sf59aHJRkemAlcR3C2A,,BLEセパレートキーボードを作ってみた本の予定です。ハードウェア周りについてまとめたものになります。
https:/techbookfest.org/event/tbf04/circle/18310002,け08,たのしい人生（タノシイジンセイ）,Biacco42,ハードウェア全般,https://lh3.googleusercontent.com/ZNVL0KFI-jyoQXiWMl6pdY5CAk2dk2tYrBf4Dz2kuSgqBXj8NRhpWMDPViQOGPMTrX1TsLPh5MW1Gs6F_fY,https://twitter.com/Biacco42/status/949365406447255552,自作キーボード入門誌
https:/techbookfest.org/event/tbf04/circle/16640003,け09,romly.com（ロムリードットコム）,Romly,ハードウェア全般,https://lh3.googleusercontent.com/-KMLCIbM7S-UsWuqKK4iyFRYxwWX_cronEbNK-UCemwJMQRChi8gUM2Tpjhwm3EW1fVJ7XdQOJ-FXnUcqWE,romly.com,時雨メカニカルキーチェーン付き、触って学べるメカニカルキーボード入門本です。キーボードの妖精キーキャッピーちゃん他、メカニカルキーボード関連グッズ、キーキャップもあります！
https:/techbookfest.org/event/tbf04/circle/14510003,け10,huhka.com（フーカコム）,ふーか,ハードウェア全般,https://lh3.googleusercontent.com/tmkUpK2_qBLNXMIDmPIoN7yxxBDgGCsYtlea1lEYye5fhhUienbcCgsBG3QtKGOdE9Bdft8rBNmdv3oDOiQd,http://blog.huhka.com/,『Raspberry PiとGoogle Homeで赤外線リモコンをアレでナニする本』Raspberry Pi専用 学習リモコン基板(ADRSIR)を使って家電を操作するシステムの構築例を紹介する内容です。（技術書典4新刊）、『無線LAN中継器を自作する本』最近なにかと話題の無線LAN中継器ですが、これを自作してVPNリモートアクセス機能を搭載しよう！という内容の本です。（C93冬コミ既刊）
https:/techbookfest.org/event/tbf04/circle/17370007,け11,ギーつくの友利奈緒（ギーツクノトモリナオ）,友利奈緒,科学技術,https://lh3.googleusercontent.com/GfwKLxDacsaonESns29SAGGGo7EkmnWf2PX5HHKrsG_9jEpD2Mz12qIJVPJC5GnDbgHrdPJzcBlm86Uzyfxd,http://takuwz.hatenablog.com/,ソフトウェア無線の歴史と展望について調査して書きたいところ。その他、ステッカー。
https:/techbookfest.org/event/tbf04/circle/16620001,け12,CGS（シージーエス）,シェルン,科学技術,https://lh3.googleusercontent.com/UZiu2GSFVopGh2WFK6_KPPXmuxDHJmjTBiIOWhlYNsiNpqzLLVf0x7vbQOxDqeElt59peJDDUIYztsrijfby,,40ページ程度の本を頒布いたします。元ネタは結城浩さんの著書「数学ガール」です。数学ガールのように、高校生の男女のやり取りにより、ゆるーく物理学＆科学史を紹介する本です(こちらは5年前の既刊です)。新刊予定は「情報ガール」を作成いたします。情報ガールの方は「P≠NP問題」の解説＆最近arXiVで出た論文の紹介を予定しています。
https:/techbookfest.org/event/tbf04/circle/13860002,け13,Shojinmeat Project（ショージンミート・プロジェクト）,ハニュー,科学技術,https://lh3.googleusercontent.com/EGPNoLn4zzkTmMB4oZ5Ou-jfwChlIYpT1qrKvHEPoPeqqup4kOMZNV050xoXkMKopbBZZxQ8RJeQGMeinGnlXw,http://shojinmeat.com,バイオハック　DIYバイオ　細胞農業　純肉　クリーンミート　自宅で実験
https:/techbookfest.org/event/tbf04/circle/10890012,け14,Low Compression（ロー　コンプレッション）,きつね乙女。,科学技術,https://lh3.googleusercontent.com/HakDAvOy9q78NEs0zep_cSdn0tWXYGUCtZDrWkEPuUMnV6IhZqkM5Y8EwsfDfm4dz8nD02f8K_D0IwPu71UD,http://kettuneito202.wixsite.com/lowcompression,航空用液冷ピストンエンジンの構造解説本。
https:/techbookfest.org/event/tbf04/circle/16620002,け15,お台場計算尺（オダイバケイサンジャク）,とみながだいすけ,その他,https://lh3.googleusercontent.com/xiEsXh-1BTgSLujJ-7sT26uvd5Tl2vF-ARXxTVJDWj8AvJElVaUIuDXOHX1fZMkInVRaEP33CILz1bezCzjk,https://staff.aist.go.jp/tominaga-daisuke/sliderule/rectilinear/index.html,計算尺のペーパークラフトと設計法と使い方と歴史と、現代での意義
https:/techbookfest.org/event/tbf04/circle/15600003,け16,日本同人誌コード管理センター（ニッポンドウジンシコードカンリセンター）,聖やきょう,その他,https://lh3.googleusercontent.com/gsQwnf_HyeNV0TigBnYr_2_PGlJids07M9FDbs-Xhg6QuYWeOjzhKKHe273ucQMP_mQc-4zAYoPLoJzHxZw,https://isdn.jp/,これほどまでに遍在しているのに同人界隈では活用が目立たないバーコード技術。ほんとうに使われていないのか、なぜ使われないのか、活用する方策はないのか。活用の一案として提供する「国際標準同人誌番号 ISDN」の紹介とISDNを活用する為のAPIの紹介を行います。
https:/techbookfest.org/event/tbf04/circle/18280003,け17,こじくれワークス（コジクレワークス）,ふくふく亭,科学技術,https://lh3.googleusercontent.com/scznmkve1uICOWjtCqoCyjlWdyPeV3hdV-C44q1hbBjgf_psqimJ98B3lyUSawdJ_XVP-H8ffQL7nugL1N_w,http://affiliate-with.hatenablog.com/,半導体とストレージの技術解説や歴史解説など
https:/techbookfest.org/event/tbf04/circle/18460005,け18,YFF工房（ワイエフエフコウボウ）,YF-211,その他,https://lh3.googleusercontent.com/U2TgUhXlJ9PNfRxDWiXAu_KCuxE_C0EkC1noahTpS5BYrxIY3nZX89x79yyzFyGf8XOZE0TpCMUxtWqKZzZI,https://twitter.com/yf211,海洋工学、造船工学を紹介しているサークルです。
https:/techbookfest.org/event/tbf04/circle/17430001,け19,おさかな商店（オサカナショウテン）,さかなや,科学技術,https://lh3.googleusercontent.com/gophQi9ROsPpODe_su5qdE8YKUyXg4IfRG2b1GJMAks0nVJRUxcOV7r5WztKPfeD-bYkEd1Ouj-Bjc6W4Reh,,水中で動く多脚ロボットの制作を目指して「神経振動子による制御」と「水中センシング」に関する技術紹介書を頒布します。あわせてこれまでの水中ロボットに関してまとめたものも頒布する予定です。
https:/techbookfest.org/event/tbf04/circle/22010012,け20,flying gears（フライングギヤーズ）,Attun,科学技術,https://lh3.googleusercontent.com/99DRnFX2ySiPTRy6ZVo0h-b_-XfUET5SuPODhCsXcA3VGHoMp8DeTbaDwXu417-Fzsati7RQOrF-anDCdeg,https://flyinggears.hatenablog.jp/,ロボット工学・ロボット競技 / 高等専門学校連合会、NHK、NHKエンタープライズ主催のアイデア対決・全国高等専門学校ロボットコンテスト、通称「高専ロボコン」について、大会参加者からテレビで見たことのある方、まだ知らない方もカバーする、非公式な大会総合誌。
https:/techbookfest.org/event/tbf04/circle/20040011,け21,俺のLab.（オレノラボ）,珍獣,その他,https://lh3.googleusercontent.com/83VHXdXl0bTPtota3LUAdLlyrZ_kTHRtXXemUID4bCrV1ihXVSMjijkSKAuH1Wp7nGmFykQ5JI2d1zQoAcxW,,音声操作が出来る4脚式のロボットの作り方について執筆する予定です。
https:/techbookfest.org/event/tbf04/circle/12760003,け22,アーカム研究所（アーカムケンキュウジョ）,michele_lap,ソフトウェア全般,https://lh3.googleusercontent.com/VSVe73jIee9Q0IJRsB7hpTT-WTRRnT49fvYsjcDVgnRNbKKC9xFInplFA1OHPrx_1djoiUuSTb2VuWTPaoUobw,https://michele-lap.azurewebsites.net/arcam.html,筆者各人が行っているロボット制御（ソフト），LEGO EV3，Arduino，機械学習，IoTなど各種成果のまとめ．
https:/techbookfest.org/event/tbf04/circle/20090004,け23,Project C.G.S.（プロジェクト シージーエス）,mohammedari,ソフトウェア全般,https://lh3.googleusercontent.com/9rujaQOTP31b2p1DDyFGmaUnxhVIH2k-RgtWTvx4VyjRN_7zNZsHge4g2dXzEZ2FEwZ4G5t4Ean7i-heJPtC,http://www.capygs.org/,つくばチャレンジという屋外自律移動ロボットコンテストに、10年近く参加し続けている社会人サークルです。近年はMBZIRCというドローンの自律飛行大会にも出場しました。実環境で動くロボットのアルゴリズムや、大会を通しての経験について掘り下げる本を頒布する予定です。ハードウェアについても紹介するかもしれません。※頒布物の再販はBOOTHにて扱っております : https://capygs.booth.pm/items/830475
https:/techbookfest.org/event/tbf04/circle/17440003,け24,MPM（エムピーエム）,mpm,その他,https://lh3.googleusercontent.com/-S0UZGEZLX3Kr-OL0ZyN8NkTQt42jP6w7J89cFH0tprERUz3Jk5UbZFwKfdWLIHcBuB-1dQYye8OhQtR4Lw,http://www.geocities.jp/kikousya290821/newmpm.htm,ゴムを動力として二足歩行をする紙製のメカニカルロボットの　これまでの進化の過程や製作方法等について「Paper Robotics」（既刊）として紹介し、またそのバリエーションを「ペーパーロボット図鑑」として紹介します。
https:/techbookfest.org/event/tbf04/circle/18470002,け25,PPGP（ピーピージーピー）,hdty,ハードウェア全般,https://lh3.googleusercontent.com/nYZu-GC1Ves-R195yktION3_H1YO0UqVUL3SETWmvo1Orj0l194HulSuIANToVIX6g10xFIrTSWq2zHk1RcA,hdty.net,腕時計型脈拍計について
https:/techbookfest.org/event/tbf04/circle/20020007,け26,電脳律速（デンノウリッソク）,BOSUKE,その他,https://lh3.googleusercontent.com/-5pp4sO0r8_CIhpQJust5RCP758gHjuBmSyDCS5zcjSeYEqNuw2ZFRxZdiHLkHP83JxypHEFFdJKe66t7v8,http://d-rissoku.net/,Pythonを活用して株でお金儲けを目指す本（新刊）と、初心者向けのFPGAの本（既刊）を頒布します。
https:/techbookfest.org/event/tbf04/circle/12750002,け27,こくだランド（コクダランド）,あっきぃ,ハードウェア全般,https://lh3.googleusercontent.com/Iz5RjkKcSrSJ48sS-iZ-qX2Oi479SsF5wkuhQdpAnX9RmF4axjF4aKURZ3z6GZAxRlvZkzu5kXXNie5_TZHr,http://akkiesoft.hatenablog.jp/,Raspberry Pi
https:/techbookfest.org/event/tbf04/circle/14530006,け28,はどら秘密研究所（ハドラヒミツケンキュウショ）,はどら,ハードウェア全般,https://lh3.googleusercontent.com/0PBZKuPNUpYiU429RT_z01syD-nvCU2YXWz3e73AMPSiW1-M3ehMU5VK7UPxgWQZpRGCIciv06Vy-IJdvu2V,http://www.kennel.org   http://enpon.blog.so-net.ne.jp/   http://hydra.cx/,eHDD技術解説、ニキシー管、電卓、オープンリール
https:/techbookfest.org/event/tbf04/circle/18280001,け29,Metro Audio（メトロオーディオ）,Task,ハードウェア全般,https://lh3.googleusercontent.com/OVZTvr5M9cLCee94CEgJ7Ejg2UkyjrgTn68BO6mQP3t3zewi-vUJdk3X3TilfpJIoPWsYPRMoNo_r2Op3jG7,,オーディオ自作
https:/techbookfest.org/event/tbf04/circle/17420001,け30,SK Audio（エスケーオーディオ）,daredevils36,ハードウェア全般,https://lh3.googleusercontent.com/B891YD5zYy7nUOz6iaA7RiaZ5T5v2f1oRoX6TAaZknQN0zea-CFYJideL8qCR2ufymNdm6JcUIzkwQrPxhA,http://iridium17.blog96.fc2.com/,ジャンル：オーディオ　自作スピーカーの測定とクロスオーバーネットワークの設計を解説する書籍。
https:/techbookfest.org/event/tbf04/circle/21060003,け31,電子小物愛好会（デンシコモノアイコウカイ）,UDF,ソフトウェア全般,https://lh3.googleusercontent.com/bXj1VCLXUQyc2MQBB5vhtb9R5bKMbr-iP7PUWNIaqCP7EUAkD3RWsS_bBAuI1GV1Stv7j0GoMGe2h3jQBVL6,https://gadget.cf/,Google HomeやEchoを活用したソフトウェアについての本、できればその場でデモ、他には機械学習を使ったトレーディングbotや言語解析ネタ、ガジェット関連のレビューなどを新刊として考えています。既刊は冬コミで頒布したGoogleHome/Echoレビューと株取引bot/なろう小説解析についての本と、夏コミで頒布した、台湾ICT展覧会COMPUTEXの歩き方についての本です。
https:/techbookfest.org/event/tbf04/circle/13920001,け32,radiberry pi!（ラジベリーパイ）,病葉,ソフトウェア全般,https://lh3.googleusercontent.com/jFj2kw4RrxV_uzrl5X8b9fbF0klPncFPkNtO9HSdY-QJ4Ql5x4GliD319J6FRQwX4CYeYc6DzD8JpXr3Ubdf,,★技術書典3で出したバージョンから加筆修正した新刊を頒布予定　スマホ等から選局・音量調整が出来るラジオ聴取環境を、raspberry piを用いて構築する手順をまとめた冊子を頒布予定。　(再生可能局)radiko対応局全局、NHK第一・第二・FM、コミュニティFM、サイマル放送対応のインターネットラジオ　（その他機能）タイマー再生、ランダム選局、外付けUSB音楽再生
https:/techbookfest.org/event/tbf04/circle/12810003,け33,ラヂオ受信研究会（ラヂオジュシンケンキュウカイ）,mizuho,ハードウェア全般,https://lh3.googleusercontent.com/w4jgw8YllWNN_1yfc5oWQZ6NbGytn_KEL0PesGpB6uxTo1u_4VIu9U3KqG1gw5AEN-6ScfEAnrZkXureQuSj,,FMチューナーのアナログ回路の技術をまとめました。真空管からトランジスタを使った回路を解説します。
https:/techbookfest.org/event/tbf04/circle/10890008,け34,メカざざむし（メカザザムシ）,たかしすきー、ぷらは,ソフトウェア全般,https://lh3.googleusercontent.com/uc6rrVjioh8UOSgm3rxgxpAAt49t3Q0VPYWYvxg0ljIc1TqDz7xC0SqPIQgg6yFe_sIWqNhe0jDPDYGbidU,http://3364.plasticheart.info/,マイコン工作、ゲーム制作
https:/techbookfest.org/event/tbf04/circle/19250002,け35,毬栗ロマン（イガグリロマン）,いっこう,ソフトウェア全般,https://lh3.googleusercontent.com/3HYptOqYpzH0-ZaaG55rG7vk1COYse9e6tcZBX5DlsAilF_67wwOXVVB7oVb5-mRHC1z6Z5QODOVkazRp9-5kQ,,WebVRはWebXRへ、WebブラウザでWebXRと仲良くする方法について
https:/techbookfest.org/event/tbf04/circle/19200004,け36,CUBIC STYLE（キュービックスタイル）,タクト,ソフトウェア全般,https://lh3.googleusercontent.com/9SXubgdvNeofFjuXEJttB7xbKLDkaHYFbGDmH_UOffvW0K8AYHY6Kfre3LKAVkQtr_QIUFPCly9q3viM6B-R,http://cubic-style.jp/,GBやGBA(devkitArm)の開発本、Raspberry Piに接続する開発基板などを予定しています。
https:/techbookfest.org/event/tbf04/circle/14520003,け37,YUKARI Semiconductor Devices（ユカリ セミコンダクタ デヴァイス）,萱沼真一・北沢紘一,ハードウェア全般,https://lh3.googleusercontent.com/mdBQ_fEoq_XnJpwsKmY_zy7IhfR9NE8LTZa15Ti9CrD42epMykO_LW-aT3U9nVW0zzho-1fbJn5SLpe707nwmQ,,本職の技術屋が本気で電子工作をした結果レポート及び無線系国家資格受験に役立つ体験記他
https:/techbookfest.org/event/tbf04/circle/12760002,け38,ふがふが（フガフガ）,Kenta IDA,ハードウェア全般,https://lh3.googleusercontent.com/lwuSP-3a9NE6DkC9Q9_YzNNPVW-ZlvUNz-c5V41qE2-2C3CAGoHIPRr5ey1sMo-GI02JHj3huwNhcaVtqr3n,http://www.fugafuga.org/,ESP32やWio LTEといった無線通信を使えるマイコンについて何かについて書いたもの
https:/techbookfest.org/event/tbf04/circle/16630001,け39,INTENSITY（インテンシティ）,シンイチ,ハードウェア全般,https://lh3.googleusercontent.com/xP8PVcZNz2KCSWzLgN__1rlwa9Gfu9jXoOCq8dQsGgf0wgarX9z76JSVX9ioJ5Prkw6eMC_nuBz9n7Jku2O5,,オペアンプを使った倒立振子、レーザー加工機の加工ノウハウ、音声制御型ペンライトの解析など
https:/techbookfest.org/event/tbf04/circle/15480004,け40,どっとすたぢお（ドットスタヂオ）,ちゃんとく,ハードウェア全般,https://lh3.googleusercontent.com/3IH-0wcvRITVXEA6zHBPxOEu190Vc2zPDj30wg1wF-IQotQsaboF5p7SyLIVywLEsMuK675WDjPqPlI3Y_S5,,初心者向け基板「Nefry」チュートリアル本、その他電子工作本
https:/techbookfest.org/event/tbf04/circle/21040002,け41,f/ats（フラッツ）,fish_meat,ハードウェア全般,https://lh3.googleusercontent.com/UuIHVMe68aZYtl5k--vIy6tzES9PIaupSMSPn_36oKdWB8cYfoV2Jlblvph0NicKPgXwN6Yv2uqpwwvxQJCx,http://f-l-ats.blogspot.jp/,アクリルキーホルダーのメイキングを例に，CNCフライスの使い方・データの作り方・加工のノウハウを紹介した「切削ライフ ～アクリルキーホルダー編～」「切削ライフ ～基板切削編～」などを頒布予定．キーワード：工作機械，CNCフライス，アクリル切削，基板切削，EAGLE，Fusion 360
https:/techbookfest.org/event/tbf04/circle/18260005,け42,仕様変更（シヨウヘンコウ）,しゅんりゅ,ハードウェア全般,https://lh3.googleusercontent.com/-zQ2tDtgbRJGfAtVY9_sw7JPSx0XfNJS5wg1Gh9vHD_RHtIyluDLYV9LCwFDUH9g0do_BHZeC2s19FA-JHdHDg,,自作ハードウェアゲーム「拡張オセロ」の基本設計（ソフトウェア）解説本
https:/techbookfest.org/event/tbf04/circle/20070004,け43,micro:friends（マイクロフレンズ）,じぇーけーそふと featuring micro:friends,ハードウェア全般,https://lh3.googleusercontent.com/EOOR6ghuyJyX-nGAKmdDnBkdgB585bVRYpbzu0iO3nSvZYNtdPwTFHoAH4wYY7HD4nrtOsI6n4UKk4NpWkCN,,micro:bit（マイコン基板）を題材とした子供、パパ、ママ向けプログラミング本
https:/techbookfest.org/event/tbf04/circle/13990005,け44,TOKYO FLIP-FLOP（トーキョーフリップフロップ）,TOKYO FLIP-FLOP,ハードウェア全般,https://lh3.googleusercontent.com/WsCIWZtjJP8VN_AcGim62o5GUmGtUQZynmx8aY5h6JzUHs987CU-g8WLW_xrzFSl4sXJwUg9WYqwKTEWLJYT,https://flip-flop.tokyo/,趣味のモノづくり支援マガジン『趣味TECHオフライン』創刊準備号。お土産に最適！ 大人気『フロッピーせんべい』。レシートマンガ配信システム『コミキャス』の実動展示など
https:/techbookfest.org/event/tbf04/circle/15440006,け45,たなからぼたん（タナカラボタン）,tanajay3,ハードウェア全般,https://lh3.googleusercontent.com/aVpex2JmVhahPOwItKYEe7qg5ago6HIpSalQ0jBRlTbfrPiJobq9d4shUTS1gklmyJE0YaVfOLRMappjvUQ,lab.tnkdns.com,基板への部品実装の工程や機器の解説説明などを主とした本。他にもレトロPC(PC-8201等)に関する本なども予定。
https:/techbookfest.org/event/tbf04/circle/17410002,け46,ZOB.Club（ゾブクラブ）,速水　祐,ハードウェア全般,https://lh3.googleusercontent.com/1jKQ_GTqK2CkWpLOkAk5Q1vrvkbuggob2QXdvSzbNBrKw1IkzcK-OFvx9bRgTCJ23_21QKv4Th5M2OzJpi0Czg,http://zob.club,パソコン情報誌The BASIC(技術評論社)で1993～94年に連載されていたAdvanced Assembler386(x86(Intel 80386) の技術)を現在の内容に合わせて改訂した冊子
https:/techbookfest.org/event/tbf04/circle/15450002,け47,秘密結社Noise（ヒミツケッシャ　ノイズ）,nonNoise(Noise博士),ハードウェア全般,https://lh3.googleusercontent.com/aKFyrj3yNTWTtqO3SaeV3IAXH348XlIX8ZgV1i1bCYn6zAwKPMCniwNFRVlxOJFdVrBwewCFgRMC-gK1asY,http://kitagami.org,"ＩｏＴ,ハードウェア,ESP-WROOM02を使った電子工作＆技術書の予定"
https:/techbookfest.org/event/tbf04/circle/14670001,け48,秘密結社オープンフォース（ヒミツケッシャオープンフォース）,nanbuwks,ハードウェア全般,https://lh3.googleusercontent.com/B0Q4tbEoakFAE_X198Fq9IIbj6bTNuEcxtsAtph-mNkkSOx_TQzBJT8IM0LCcNapyGTIWloPH8m_EpdUFV-f,openforce@project2108.com,STM32マイコンの薄い本（STM32マイコン付、BadUSBでセキュリティ問題を叩く）宇宙開発に用いる理論計算解説、サークル「日本Androidの会秋葉原支部ロボット部」の研究報告（フードHack、リモコンHack、MicroPython他）、サークル「こえど工作部」の研究報告（バトルロボットメイクカードゲーム、3Dプリンタで作ったRaspberryPiケース、LinuxUserManiacs過去号）、サークル「NanoPIの部屋」のオリジナルTシャツ
https:/techbookfest.org/event/tbf04/circle/19370003,け49,まんじゅう本舗（マンジュウホンポ）,yuqlid,ソフトウェア全般,/assets/images/dummy_cut.png,http://yuqlid.sakura.ne.jp/wp/,stm32の解説本
https:/techbookfest.org/event/tbf04/circle/15470001,け50,🍝.swift（スパゲッティ ドット スイフト）,y.keisuke,ソフトウェア全般,https://lh3.googleusercontent.com/QvdQ9iZCXoFkxpk5sGQ3KTuK4RCW82PccUh-3D-P3wFbR0vwP8ek0rNfCWrZbNmmrDwXbySL16i2D8sTco-a,https://twitter.com/Y_KEISUKE_0/status/987498832266055681,iOS開発で使えるArchitectureであるVIPERに関する資料を頒布します。
https:/techbookfest.org/event/tbf04/circle/14570001,け51,windhole（ウィンドホール）,風穴 江,ソフトウェア全般,https://lh3.googleusercontent.com/mXykMMgFET5lxSrxkkk3K-8sptmvsAwJVOC8MeEmI58CPMWpPDq3pOvofWWuvbvGcxrX2aeo-9nZ59FKB5E,https://www.facebook.com/windholep/,Linuxカーネル、低レイヤ技術
https:/techbookfest.org/event/tbf04/circle/19280001,け52,へにゃぺんて（ヘニャペンテ）,yohgami,ソフトウェア全般,https://lh3.googleusercontent.com/k__zHQ_Gkrk8ONbp923eo8IukIxWQ3zo-pSp4ZyPkJO51G2NjwvIFLG9gzxXj2LPJUp69o3qJkLnNqcwa2DZ,http://yuma.ohgami.jp,自作OSをやっています。前回の技術書典3まで「フルスクラッチで作る!UEFIベアメタルプログラミング」というシリーズで、PCのUEFIファームウェアを直接叩くプログラムの書き方を紹介してきました。今回はその内容を元に作ったブートローダーを使用して、OSのフルスクラッチを始めてみる本です。
